epoch,train_loss,val_fitness,val_acc,val_bal_acc,val_recall_0,val_recall_1,lr
1,0.669372878755842,0.3491228072720837,0.6282051282051282,0.6403508769803896,0.6666666663492063,0.6140350876115728,0.005
2,0.6461534346852984,0.37543859671107593,0.7692307692307693,0.6917293231081463,0.5238095235600907,0.8596491226562019,0.005
3,0.6376569509506226,0.36491228092344896,0.7948717948717948,0.7092731827541912,0.5238095235600907,0.8947368419482917,0.005
4,0.6338695168495179,0.4263157896645561,0.782051282051282,0.6704260649808418,0.4285714283673469,0.9122807015943367,0.005
5,0.6296087622642517,0.2684210529103021,0.7564102564102564,0.7431077691857777,0.7142857139455782,0.7719298244259772,0.005
6,0.6226731675011771,0.2614035090619092,0.7051282051282052,0.7230576438688513,0.7619047615419501,0.6842105261957525,0.005
7,0.6160696847098214,0.24561403538046872,0.7435897435897436,0.7493734333379187,0.7619047615419501,0.7368421051338874,0.005
8,0.6155537894793919,0.27543859678877014,0.6025641025641025,0.6679197992598351,0.809523809138322,0.5263157893813482,0.005
9,0.6128320745059422,0.28421052659174256,0.717948717948718,0.7167919797167103,0.7142857139455782,0.7192982454878424,0.005
10,0.6141230395862034,0.28421052659174256,0.717948717948718,0.7167919797167103,0.7142857139455782,0.7192982454878424,0.005
11,0.6117360523768833,0.3403508774390362,0.717948717948718,0.6867167917663833,0.6190476187528344,0.7543859647799322,0.005
12,0.6137297919818333,0.38245614055946886,0.8205128205128205,0.7117794484250727,0.47619047596371883,0.9473684208864266,0.005
13,0.6096345816339765,0.31403508796996876,0.782051282051282,0.7305764408814956,0.6190476187528344,0.842105263010157,0.005
14,0.6007956079074315,0.32456140375759573,0.7564102564102564,0.7130325812354508,0.6190476187528344,0.8070175437180671,0.005
15,0.6031968559537615,0.2719298248495361,0.6794871794871795,0.7055137842228063,0.7619047615419501,0.6491228069036626,0.005
16,0.599740013054439,0.3017543862277624,0.7435897435897436,0.7192982453875918,0.6666666663492063,0.7719298244259772,0.005
17,0.600480089868818,0.2614035090619092,0.7051282051282052,0.7230576438688513,0.7619047615419501,0.6842105261957525,0.005
18,0.6036512613296509,0.2666666669557226,0.6923076923076923,0.7142857140458289,0.7619047615419501,0.6666666665497076,0.005
19,0.6015769686017718,0.29122807044013543,0.7692307692307693,0.7368421050336367,0.6666666663492063,0.8070175437180671,0.005
20,0.6002822262900216,0.28421052659174256,0.717948717948718,0.7167919797167103,0.7142857139455782,0.7192982454878424,0.005
21,0.6019856555121286,0.2614035090619092,0.7051282051282052,0.7230576438688513,0.7619047615419501,0.6842105261957525,0.005
22,0.594215772833143,0.2684210529103021,0.7564102564102564,0.7431077691857777,0.7142857139455782,0.7719298244259772,0.005
23,0.5960360561098371,0.19298245647240908,0.6666666666666666,0.7418546363252743,0.9047619043310657,0.5789473683194829,0.005
24,0.5972918237958635,0.30877193007615533,0.7948717948717948,0.7393483707045181,0.6190476187528344,0.8596491226562019,0.005
25,0.6008523089545114,0.3368421054998021,0.7948717948717948,0.7243107767293547,0.5714285711564626,0.8771929823022468,0.005
26,0.5948720761707851,0.2719298248495361,0.6794871794871795,0.7055137842228063,0.7619047615419501,0.6491228069036626,0.005
27,0.5933733531406947,0.2684210529103021,0.7564102564102564,0.7431077691857777,0.7142857139455782,0.7719298244259772,0.005
28,0.5925180264881679,0.3017543862277624,0.7435897435897436,0.7192982453875918,0.6666666663492063,0.7719298244259772,0.005
29,0.5878839901515416,0.29473684237936953,0.6923076923076923,0.6992481200706653,0.7142857139455782,0.6842105261957525,0.005
30,0.5969886456217085,0.19824561436622257,0.6538461538461539,0.7330827065022518,0.9047619043310657,0.561403508673438,0.005
31,0.5920775941440037,0.30000000027318297,0.6794871794871795,0.6904761902476428,0.7142857139455782,0.6666666665497076,0.005
32,0.5932873283113752,0.28596491254632195,0.782051282051282,0.7456140348566591,0.6666666663492063,0.824561403364112,0.005
33,0.5939984679222107,0.2631578950164886,0.7692307692307693,0.7518796990088001,0.7142857139455782,0.7894736840720221,0.005
34,0.5957190138953072,0.30000000027318297,0.6794871794871795,0.6904761902476428,0.7142857139455782,0.6666666665497076,0.005
35,0.5924503079482487,0.2666666669557226,0.6923076923076923,0.7142857140458289,0.7619047615419501,0.6666666665497076,0.005
36,0.5935772921357836,0.29473684237936953,0.6923076923076923,0.6992481200706653,0.7142857139455782,0.6842105261957525,0.005
37,0.5917424355234419,0.2631578950164886,0.7692307692307693,0.7518796990088001,0.7142857139455782,0.7894736840720221,0.005
38,0.5951267719268799,0.2789473686979291,0.7307692307692307,0.7255639095397328,0.7142857139455782,0.7368421051338874,0.005
39,0.5889419198036194,0.20877193015384954,0.6282051282051282,0.715538846856207,0.9047619043310657,0.5263157893813482,0.005
40,0.590787240437099,0.3421052633936156,0.782051282051282,0.7155388469063322,0.5714285711564626,0.8596491226562019,0.005
41,0.5864572082247053,0.2385964915320758,0.6923076923076923,0.7293233080209923,0.809523809138322,0.6491228069036626,0.005
42,0.5886147337300437,0.2736842108041156,0.7435897435897436,0.7343358393627553,0.7142857139455782,0.7543859647799322,0.005
43,0.5898945263453892,0.31403508796996876,0.782051282051282,0.7305764408814956,0.6190476187528344,0.842105263010157,0.005
44,0.5921840344156538,0.2631578950164886,0.7692307692307693,0.7518796990088001,0.7142857139455782,0.7894736840720221,0.005
45,0.580777143580573,0.3368421054998021,0.7948717948717948,0.7243107767293547,0.5714285711564626,0.8771929823022468,0.005
46,0.5983973452023097,0.28421052659174256,0.717948717948718,0.7167919797167103,0.7142857139455782,0.7192982454878424,0.005
47,0.5893975734710694,0.28421052659174256,0.717948717948718,0.7167919797167103,0.7142857139455782,0.7192982454878424,0.005
48,0.5875437114919935,0.30000000027318297,0.6794871794871795,0.6904761902476428,0.7142857139455782,0.6666666665497076,0.005
49,0.5846229834215981,0.24385964942588928,0.6794871794871795,0.7205513781979699,0.809523809138322,0.6315789472576178,0.005
50,0.5895811183112009,0.28421052659174256,0.717948717948718,0.7167919797167103,0.7142857139455782,0.7192982454878424,0.0025
51,0.587093928030559,0.30526315816699645,0.6666666666666666,0.6817042604246204,0.7142857139455782,0.6491228069036626,0.0025
52,0.5831848629883357,0.289473684485556,0.7051282051282052,0.7080200498936878,0.7142857139455782,0.7017543858417975,0.0025
53,0.5863984899861472,0.2789473686979291,0.7307692307692307,0.7255639095397328,0.7142857139455782,0.7368421051338874,0.0025
54,0.5854889988899231,0.2789473686979291,0.7307692307692307,0.7255639095397328,0.7142857139455782,0.7368421051338874,0.0025
55,0.5889437811715262,0.2736842108041156,0.7435897435897436,0.7343358393627553,0.7142857139455782,0.7543859647799322,0.0025
56,0.5840149853910719,0.2736842108041156,0.7435897435897436,0.7343358393627553,0.7142857139455782,0.7543859647799322,0.0025
57,0.5872187086514065,0.2789473686979291,0.7307692307692307,0.7255639095397328,0.7142857139455782,0.7368421051338874,0.0025
58,0.5843899258545466,0.2964912283339489,0.7564102564102564,0.7280701752106142,0.6666666663492063,0.7894736840720221,0.0025
59,0.5871505098683494,0.2719298248495361,0.6794871794871795,0.7055137842228063,0.7619047615419501,0.6491228069036626,0.0025
60,0.5866998365947178,0.2736842108041156,0.7435897435897436,0.7343358393627553,0.7142857139455782,0.7543859647799322,0.0025
61,0.5845287765775408,0.2684210529103021,0.7564102564102564,0.7431077691857777,0.7142857139455782,0.7719298244259772,0.0025
62,0.5840039193630219,0.2736842108041156,0.7435897435897436,0.7343358393627553,0.7142857139455782,0.7543859647799322,0.0025
63,0.5843303510120936,0.2684210529103021,0.7564102564102564,0.7431077691857777,0.7142857139455782,0.7719298244259772,0.0025
64,0.5897185828004564,0.28421052659174256,0.717948717948718,0.7167919797167103,0.7142857139455782,0.7192982454878424,0.0025
65,0.5813848776476723,0.2736842108041156,0.7435897435897436,0.7343358393627553,0.7142857139455782,0.7543859647799322,0.0025
66,0.5845081235681261,0.2789473686979291,0.7307692307692307,0.7255639095397328,0.7142857139455782,0.7368421051338874,0.0025
67,0.5843039189066206,0.2631578950164886,0.7692307692307693,0.7518796990088001,0.7142857139455782,0.7894736840720221,0.0025
68,0.5884839722088405,0.289473684485556,0.7051282051282052,0.7080200498936878,0.7142857139455782,0.7017543858417975,0.0025
69,0.5818732355322157,0.2789473686979291,0.7307692307692307,0.7255639095397328,0.7142857139455782,0.7368421051338874,0.0025
70,0.5826525960649763,0.2385964915320758,0.6923076923076923,0.7293233080209923,0.809523809138322,0.6491228069036626,0.0025
71,0.5837414690426418,0.2789473686979291,0.7307692307692307,0.7255639095397328,0.7142857139455782,0.7368421051338874,0.0025
72,0.5870246078286853,0.2736842108041156,0.7435897435897436,0.7343358393627553,0.7142857139455782,0.7543859647799322,0.0025
73,0.5840724195752826,0.20877193015384954,0.6282051282051282,0.715538846856207,0.9047619043310657,0.5263157893813482,0.0025
74,0.5978227138519288,0.289473684485556,0.7051282051282052,0.7080200498936878,0.7142857139455782,0.7017543858417975,0.0025
75,0.5886297038623265,0.3070175441215759,0.7307692307692307,0.7105263155645694,0.6666666663492063,0.7543859647799322,0.0025
76,0.5813260878835406,0.30526315816699645,0.6666666666666666,0.6817042604246204,0.7142857139455782,0.6491228069036626,0.0025
77,0.5866460919380188,0.3017543862277624,0.7435897435897436,0.7192982453875918,0.6666666663492063,0.7719298244259772,0.0025
78,0.5833155623504094,0.30000000027318297,0.6794871794871795,0.6904761902476428,0.7142857139455782,0.6666666665497076,0.0025
79,0.5836770628179823,0.29473684237936953,0.6923076923076923,0.6992481200706653,0.7142857139455782,0.6842105261957525,0.0025
80,0.5825438005583626,0.289473684485556,0.7051282051282052,0.7080200498936878,0.7142857139455782,0.7017543858417975,0.0025
81,0.5851010211876461,0.2736842108041156,0.7435897435897436,0.7343358393627553,0.7142857139455782,0.7543859647799322,0.0025
82,0.5846657855170113,0.32456140375759573,0.7564102564102564,0.7130325812354508,0.6190476187528344,0.8070175437180671,0.0025
83,0.5831616750785282,0.24385964942588928,0.6794871794871795,0.7205513781979699,0.809523809138322,0.6315789472576178,0.0025
84,0.585126736334392,0.30000000027318297,0.6794871794871795,0.6904761902476428,0.7142857139455782,0.6666666665497076,0.0025
85,0.5818408863885062,0.2684210529103021,0.7564102564102564,0.7431077691857777,0.7142857139455782,0.7719298244259772,0.0025
86,0.5837357776505606,0.22105263189605595,0.6666666666666666,0.7268170423501108,0.8571428567346938,0.5964912279655279,0.0025
87,0.5883013827460153,0.30526315816699645,0.6666666666666666,0.6817042604246204,0.7142857139455782,0.6491228069036626,0.0025
88,0.5827998561518533,0.2736842108041156,0.7435897435897436,0.7343358393627553,0.7142857139455782,0.7543859647799322,0.0025
89,0.5896674198763711,0.2736842108041156,0.7435897435897436,0.7343358393627553,0.7142857139455782,0.7543859647799322,0.0025
90,0.5898709620748247,0.2719298248495361,0.6794871794871795,0.7055137842228063,0.7619047615419501,0.6491228069036626,0.0025
91,0.5779209145477839,0.3298245616514092,0.7435897435897436,0.7042606514124283,0.6190476187528344,0.7894736840720221,0.0025
92,0.5862920309816088,0.2789473686979291,0.7307692307692307,0.7255639095397328,0.7142857139455782,0.7368421051338874,0.0025
93,0.5804953830582755,0.2736842108041156,0.7435897435897436,0.7343358393627553,0.7142857139455782,0.7543859647799322,0.0025
94,0.5865307305540357,0.2684210529103021,0.7564102564102564,0.7431077691857777,0.7142857139455782,0.7719298244259772,0.0025
95,0.5798400700092315,0.30526315816699645,0.6666666666666666,0.6817042604246204,0.7142857139455782,0.6491228069036626,0.0025
96,0.5845330357551575,0.2719298248495361,0.6794871794871795,0.7055137842228063,0.7619047615419501,0.6491228069036626,0.0025
97,0.5813658220427377,0.3350877195452227,0.7307692307692307,0.6954887215894059,0.6190476187528344,0.7719298244259772,0.0025
98,0.5807882675102779,0.3298245616514092,0.7435897435897436,0.7042606514124283,0.6190476187528344,0.7894736840720221,0.0025
99,0.5819427464689527,0.30000000027318297,0.6794871794871795,0.6904761902476428,0.7142857139455782,0.6666666665497076,0.0025
100,0.5886060527392796,0.2736842108041156,0.7435897435897436,0.7343358393627553,0.7142857139455782,0.7543859647799322,0.00125
101,0.5827162342412131,0.289473684485556,0.7051282051282052,0.7080200498936878,0.7142857139455782,0.7017543858417975,0.00125
102,0.5804764688014984,0.2736842108041156,0.7435897435897436,0.7343358393627553,0.7142857139455782,0.7543859647799322,0.00125
103,0.5805350525038583,0.2736842108041156,0.7435897435897436,0.7343358393627553,0.7142857139455782,0.7543859647799322,0.00125
104,0.5812407672405243,0.2736842108041156,0.7435897435897436,0.7343358393627553,0.7142857139455782,0.7543859647799322,0.00125
105,0.5823115987437112,0.2736842108041156,0.7435897435897436,0.7343358393627553,0.7142857139455782,0.7543859647799322,0.00125
106,0.5872405784470695,0.2736842108041156,0.7435897435897436,0.7343358393627553,0.7142857139455782,0.7543859647799322,0.00125
107,0.5814970178263528,0.2736842108041156,0.7435897435897436,0.7343358393627553,0.7142857139455782,0.7543859647799322,0.00125
108,0.5795818013804299,0.2736842108041156,0.7435897435897436,0.7343358393627553,0.7142857139455782,0.7543859647799322,0.00125
109,0.5813103829111371,0.289473684485556,0.7051282051282052,0.7080200498936878,0.7142857139455782,0.7017543858417975,0.00125
110,0.5766299860818046,0.2736842108041156,0.7435897435897436,0.7343358393627553,0.7142857139455782,0.7543859647799322,0.00125
111,0.5768508042607988,0.289473684485556,0.7051282051282052,0.7080200498936878,0.7142857139455782,0.7017543858417975,0.00125
112,0.5823247006961277,0.2736842108041156,0.7435897435897436,0.7343358393627553,0.7142857139455782,0.7543859647799322,0.00125
113,0.5794467628002167,0.2736842108041156,0.7435897435897436,0.7343358393627553,0.7142857139455782,0.7543859647799322,0.00125
114,0.5837335876056127,0.2736842108041156,0.7435897435897436,0.7343358393627553,0.7142857139455782,0.7543859647799322,0.00125
115,0.5865496175629752,0.289473684485556,0.7051282051282052,0.7080200498936878,0.7142857139455782,0.7017543858417975,0.00125
116,0.5866615917001452,0.2684210529103021,0.7564102564102564,0.7431077691857777,0.7142857139455782,0.7719298244259772,0.00125
117,0.5840591302939824,0.2736842108041156,0.7435897435897436,0.7343358393627553,0.7142857139455782,0.7543859647799322,0.00125
118,0.5841083952358791,0.2736842108041156,0.7435897435897436,0.7343358393627553,0.7142857139455782,0.7543859647799322,0.00125
119,0.5825783567769187,0.289473684485556,0.7051282051282052,0.7080200498936878,0.7142857139455782,0.7017543858417975,0.00125
120,0.5850627269063677,0.2684210529103021,0.7564102564102564,0.7431077691857777,0.7142857139455782,0.7719298244259772,0.00125
121,0.5798183194228581,0.2736842108041156,0.7435897435897436,0.7343358393627553,0.7142857139455782,0.7543859647799322,0.00125
122,0.5864656439849308,0.3070175441215759,0.7307692307692307,0.7105263155645694,0.6666666663492063,0.7543859647799322,0.00125
123,0.5816831503595624,0.2736842108041156,0.7435897435897436,0.7343358393627553,0.7142857139455782,0.7543859647799322,0.00125
124,0.5776568063667842,0.2736842108041156,0.7435897435897436,0.7343358393627553,0.7142857139455782,0.7543859647799322,0.00125
125,0.5821293302944728,0.2736842108041156,0.7435897435897436,0.7343358393627553,0.7142857139455782,0.7543859647799322,0.00125
126,0.5848915270396642,0.2789473686979291,0.7307692307692307,0.7255639095397328,0.7142857139455782,0.7368421051338874,0.00125
127,0.5843326704842704,0.2736842108041156,0.7435897435897436,0.7343358393627553,0.7142857139455782,0.7543859647799322,0.00125
128,0.5802849071366446,0.289473684485556,0.7051282051282052,0.7080200498936878,0.7142857139455782,0.7017543858417975,0.00125
129,0.5801429399422237,0.289473684485556,0.7051282051282052,0.7080200498936878,0.7142857139455782,0.7017543858417975,0.00125
130,0.5807596896375928,0.2736842108041156,0.7435897435897436,0.7343358393627553,0.7142857139455782,0.7543859647799322,0.00125
131,0.5830164653914315,0.289473684485556,0.7051282051282052,0.7080200498936878,0.7142857139455782,0.7017543858417975,0.00125
132,0.5860772013664246,0.2736842108041156,0.7435897435897436,0.7343358393627553,0.7142857139455782,0.7543859647799322,0.00125
133,0.5821652463504247,0.2789473686979291,0.7307692307692307,0.7255639095397328,0.7142857139455782,0.7368421051338874,0.00125
134,0.5835583916732243,0.2736842108041156,0.7435897435897436,0.7343358393627553,0.7142857139455782,0.7543859647799322,0.00125
135,0.5790758848190307,0.29473684237936953,0.6923076923076923,0.6992481200706653,0.7142857139455782,0.6842105261957525,0.00125
136,0.5806030716214862,0.2736842108041156,0.7435897435897436,0.7343358393627553,0.7142857139455782,0.7543859647799322,0.00125
137,0.5814564747469766,0.289473684485556,0.7051282051282052,0.7080200498936878,0.7142857139455782,0.7017543858417975,0.00125
138,0.5849186369350978,0.2736842108041156,0.7435897435897436,0.7343358393627553,0.7142857139455782,0.7543859647799322,0.00125
139,0.5786182795252118,0.2736842108041156,0.7435897435897436,0.7343358393627553,0.7142857139455782,0.7543859647799322,0.00125
140,0.5824341194970267,0.289473684485556,0.7051282051282052,0.7080200498936878,0.7142857139455782,0.7017543858417975,0.00125
141,0.583412880556924,0.2736842108041156,0.7435897435897436,0.7343358393627553,0.7142857139455782,0.7543859647799322,0.00125
142,0.5787064160619463,0.289473684485556,0.7051282051282052,0.7080200498936878,0.7142857139455782,0.7017543858417975,0.00125
143,0.5819780792508806,0.2736842108041156,0.7435897435897436,0.7343358393627553,0.7142857139455782,0.7543859647799322,0.00125
144,0.5850489463124956,0.2789473686979291,0.7307692307692307,0.7255639095397328,0.7142857139455782,0.7368421051338874,0.00125
145,0.5791714923722403,0.28421052659174256,0.717948717948718,0.7167919797167103,0.7142857139455782,0.7192982454878424,0.00125
146,0.5863335609436036,0.2736842108041156,0.7435897435897436,0.7343358393627553,0.7142857139455782,0.7543859647799322,0.00125
147,0.5829792720930916,0.2736842108041156,0.7435897435897436,0.7343358393627553,0.7142857139455782,0.7543859647799322,0.00125
148,0.5814613427434648,0.2789473686979291,0.7307692307692307,0.7255639095397328,0.7142857139455782,0.7368421051338874,0.00125
149,0.5807731969015939,0.3017543862277624,0.7435897435897436,0.7192982453875918,0.6666666663492063,0.7719298244259772,0.00125
150,0.5877054572105408,0.2789473686979291,0.7307692307692307,0.7255639095397328,0.7142857139455782,0.7368421051338874,0.000625
151,0.5802379523004805,0.2789473686979291,0.7307692307692307,0.7255639095397328,0.7142857139455782,0.7368421051338874,0.000625
152,0.580159182207925,0.2736842108041156,0.7435897435897436,0.7343358393627553,0.7142857139455782,0.7543859647799322,0.000625
153,0.58499984060015,0.2736842108041156,0.7435897435897436,0.7343358393627553,0.7142857139455782,0.7543859647799322,0.000625
154,0.585928977387292,0.2789473686979291,0.7307692307692307,0.7255639095397328,0.7142857139455782,0.7368421051338874,0.000625
155,0.57618528008461,0.2736842108041156,0.7435897435897436,0.7343358393627553,0.7142857139455782,0.7543859647799322,0.000625
156,0.5830795177391597,0.2789473686979291,0.7307692307692307,0.7255639095397328,0.7142857139455782,0.7368421051338874,0.000625
157,0.5835814816611153,0.2789473686979291,0.7307692307692307,0.7255639095397328,0.7142857139455782,0.7368421051338874,0.000625
158,0.586392389025007,0.2789473686979291,0.7307692307692307,0.7255639095397328,0.7142857139455782,0.7368421051338874,0.000625
159,0.5744906783103942,0.2789473686979291,0.7307692307692307,0.7255639095397328,0.7142857139455782,0.7368421051338874,0.000625
160,0.5776896962097713,0.2736842108041156,0.7435897435897436,0.7343358393627553,0.7142857139455782,0.7543859647799322,0.000625
161,0.5788349006857191,0.2736842108041156,0.7435897435897436,0.7343358393627553,0.7142857139455782,0.7543859647799322,0.000625
162,0.5889060531343733,0.2789473686979291,0.7307692307692307,0.7255639095397328,0.7142857139455782,0.7368421051338874,0.000625
163,0.5792059430054256,0.2736842108041156,0.7435897435897436,0.7343358393627553,0.7142857139455782,0.7543859647799322,0.000625
164,0.5832109076636178,0.2736842108041156,0.7435897435897436,0.7343358393627553,0.7142857139455782,0.7543859647799322,0.000625
165,0.5777088037558964,0.28421052659174256,0.717948717948718,0.7167919797167103,0.7142857139455782,0.7192982454878424,0.000625
166,0.5845703542232513,0.2736842108041156,0.7435897435897436,0.7343358393627553,0.7142857139455782,0.7543859647799322,0.000625
167,0.5817298352718353,0.3070175441215759,0.7307692307692307,0.7105263155645694,0.6666666663492063,0.7543859647799322,0.000625
168,0.5804394866739001,0.2736842108041156,0.7435897435897436,0.7343358393627553,0.7142857139455782,0.7543859647799322,0.000625
169,0.5844752132892609,0.28421052659174256,0.717948717948718,0.7167919797167103,0.7142857139455782,0.7192982454878424,0.000625
170,0.5778876832553319,0.2789473686979291,0.7307692307692307,0.7255639095397328,0.7142857139455782,0.7368421051338874,0.000625
171,0.5822884491511754,0.2736842108041156,0.7435897435897436,0.7343358393627553,0.7142857139455782,0.7543859647799322,0.000625
172,0.580951201064246,0.2736842108041156,0.7435897435897436,0.7343358393627553,0.7142857139455782,0.7543859647799322,0.000625
173,0.581175240448543,0.2736842108041156,0.7435897435897436,0.7343358393627553,0.7142857139455782,0.7543859647799322,0.000625
174,0.5818944607462202,0.2789473686979291,0.7307692307692307,0.7255639095397328,0.7142857139455782,0.7368421051338874,0.000625
175,0.5774445712566376,0.2789473686979291,0.7307692307692307,0.7255639095397328,0.7142857139455782,0.7368421051338874,0.000625
176,0.5814495989254542,0.2736842108041156,0.7435897435897436,0.7343358393627553,0.7142857139455782,0.7543859647799322,0.000625
177,0.5842590051037925,0.2736842108041156,0.7435897435897436,0.7343358393627553,0.7142857139455782,0.7543859647799322,0.000625
178,0.5867255278996059,0.28421052659174256,0.717948717948718,0.7167919797167103,0.7142857139455782,0.7192982454878424,0.000625
179,0.5786770675863538,0.2736842108041156,0.7435897435897436,0.7343358393627553,0.7142857139455782,0.7543859647799322,0.000625
180,0.580804865700858,0.2736842108041156,0.7435897435897436,0.7343358393627553,0.7142857139455782,0.7543859647799322,0.000625
181,0.5800421638148171,0.3070175441215759,0.7307692307692307,0.7105263155645694,0.6666666663492063,0.7543859647799322,0.000625
182,0.5891241269452231,0.2789473686979291,0.7307692307692307,0.7255639095397328,0.7142857139455782,0.7368421051338874,0.000625
183,0.580606278351375,0.2789473686979291,0.7307692307692307,0.7255639095397328,0.7142857139455782,0.7368421051338874,0.000625
184,0.5773472598620824,0.3070175441215759,0.7307692307692307,0.7105263155645694,0.6666666663492063,0.7543859647799322,0.000625
185,0.5819676075662885,0.2736842108041156,0.7435897435897436,0.7343358393627553,0.7142857139455782,0.7543859647799322,0.000625
186,0.579316508769989,0.2736842108041156,0.7435897435897436,0.7343358393627553,0.7142857139455782,0.7543859647799322,0.000625
187,0.5812436631747655,0.2736842108041156,0.7435897435897436,0.7343358393627553,0.7142857139455782,0.7543859647799322,0.000625
188,0.5794302608285632,0.2789473686979291,0.7307692307692307,0.7255639095397328,0.7142857139455782,0.7368421051338874,0.000625
189,0.578806198494775,0.2736842108041156,0.7435897435897436,0.7343358393627553,0.7142857139455782,0.7543859647799322,0.000625
190,0.580339161838804,0.2736842108041156,0.7435897435897436,0.7343358393627553,0.7142857139455782,0.7543859647799322,0.000625
191,0.5764546530587332,0.2736842108041156,0.7435897435897436,0.7343358393627553,0.7142857139455782,0.7543859647799322,0.000625
192,0.5857609467847007,0.2736842108041156,0.7435897435897436,0.7343358393627553,0.7142857139455782,0.7543859647799322,0.000625
193,0.5782528570720128,0.2789473686979291,0.7307692307692307,0.7255639095397328,0.7142857139455782,0.7368421051338874,0.000625
194,0.581365784576961,0.2736842108041156,0.7435897435897436,0.7343358393627553,0.7142857139455782,0.7543859647799322,0.000625
195,0.5780829514775957,0.2789473686979291,0.7307692307692307,0.7255639095397328,0.7142857139455782,0.7368421051338874,0.000625
196,0.5781493050711496,0.28421052659174256,0.717948717948718,0.7167919797167103,0.7142857139455782,0.7192982454878424,0.000625
197,0.5827826482909066,0.2736842108041156,0.7435897435897436,0.7343358393627553,0.7142857139455782,0.7543859647799322,0.000625
198,0.5803584601197924,0.2736842108041156,0.7435897435897436,0.7343358393627553,0.7142857139455782,0.7543859647799322,0.000625
199,0.5767532459327153,0.2736842108041156,0.7435897435897436,0.7343358393627553,0.7142857139455782,0.7543859647799322,0.000625
200,0.5810772640364511,0.2736842108041156,0.7435897435897436,0.7343358393627553,0.7142857139455782,0.7543859647799322,0.0003125
