epoch,train_loss,val_fitness,val_acc,val_bal_acc,val_recall_0,val_recall_1,val_recall_2,val_recall_3,val_recall_4,val_recall_5,val_recall_6,lr
1,1.8308507051657548,0.8061258339157863,0.32665330661322645,0.3213575228142506,0.8124999997460938,0.019607843133410227,0.41284403665937214,0.2727272724793388,0.009009009008197387,0.365671641785587,0.3571428568877551,0.005
2,1.762392321093516,0.7313547177754535,0.5040080160320641,0.34900373238713156,0.6249999998046875,0.25490196073433297,0.5137614678427742,0.18181818165289254,0.1351351351229608,0.5895522387971709,0.14285714275510203,0.005
3,1.7511785011738539,0.6734276178897795,0.45991983967935873,0.36715250089669155,0.4687499998535156,0.4117647058016148,0.366972477030553,0.2727272724793388,0.24324324322132945,0.5208955223802851,0.28571428551020406,0.005
4,1.747210386971181,0.7041702552774225,0.41382765531062127,0.34405150863939665,0.49999999984375,0.3333333332679739,0.4495412843624274,0.18181818165289254,0.2072072071885399,0.45074626864998885,0.28571428551020406,0.005
5,1.7446120828390121,0.5825545275496842,0.5140280561122245,0.3652284872039564,0.1249999999609375,0.49019607833525564,0.2844036696986786,0.3636363633057851,0.4954954954508563,0.5835820895435286,0.21428571413265304,0.005
6,1.7414298016916623,0.7427203297468017,0.44188376753507014,0.33146436171128607,0.4687499998535156,0.09803921566705114,0.4954128439912466,0.3636363633057851,0.17117117115575037,0.5089552238730006,0.21428571413265304,0.005
7,1.7394863027571277,0.7527452738635264,0.45991983967935873,0.3107439177679611,0.06249999998046875,0.019607843133410227,0.3761467889563168,0.3636363633057851,0.21621621619673728,0.5656716417826019,0.5714285710204081,0.005
8,1.736987679688768,0.6133442024134994,0.40480961923847697,0.3465021854668434,0.06249999998046875,0.4117647058016148,0.34862385317902533,0.3636363633057851,0.45945945941806676,0.4223880596951882,0.3571428568877551,0.005
9,1.736182395199483,0.6037516692530169,0.44589178356713427,0.35417720888390825,0.15624999995117186,0.27450980386774315,0.34862385317902533,0.3636363633057851,0.4954954954508563,0.48358208954502113,0.3571428568877551,0.005
10,1.7357318938963793,0.6962686104056645,0.4529058116232465,0.315812647637541,0.06249999998046875,0.6470588234025375,0.45871559628819125,0.09090909082644627,0.23423423421313205,0.5029850746193584,0.21428571413265304,0.005
11,1.7339922425083139,0.6987267170227504,0.45691382765531063,0.3255690854793251,0.21874999993164063,0.31372549013456363,0.366972477030553,0.3636363633057851,0.2702702702459216,0.531343283574159,0.21428571413265304,0.005
12,1.734017502008514,0.7551646799861667,0.4819639278557114,0.29414795986192493,0.031249999990234374,0.2941176470011534,0.4678899082139551,0.3636363633057851,0.18018018016394774,0.579104477603297,0.14285714275510203,0.005
13,1.732868785969913,0.6498893433566626,0.46292585170340683,0.33826390125008554,0.031249999990234374,0.35294117640138406,0.34862385317902533,0.3636363633057851,0.3873873873524876,0.5268656716339274,0.3571428568877551,0.005
14,1.733629685741934,0.5631659201536247,0.46993987975951906,0.3795727685366122,0.09374999997070313,0.5686274508688965,0.3302752293274977,0.3636363633057851,0.513513513467251,0.5014925373059479,0.28571428551020406,0.005
15,1.733579796908254,0.7124450239003715,0.49198396793587174,0.3201847754567789,0.31249999990234373,0.13725490193387158,0.4311926605108998,0.3636363633057851,0.2702702702459216,0.5835820895435286,0.14285714275510203,0.005
16,1.7330067119645802,0.6862667385135672,0.3777555110220441,0.3372651305480824,0.21874999993164063,0.35294117640138406,0.3027522935502062,0.3636363633057851,0.279279279254119,0.41492537312813543,0.4285714282653061,0.005
17,1.7322018155828118,0.6429735585091375,0.46292585170340683,0.33987983711032715,0.06249999998046875,0.3333333332679739,0.3302752293274977,0.3636363633057851,0.4054054053688824,0.5268656716339274,0.3571428568877551,0.005
18,1.7317435542460193,0.6902959937726497,0.4849699398797595,0.34604694125654006,0.3437499998925781,0.19607843133410227,0.5504587155458295,0.3636363633057851,0.279279279254119,0.5462686567082646,0.14285714275510203,0.005
19,1.7316388877278024,0.7249250747587047,0.45691382765531063,0.3213701922490783,0.28124999991210936,0.3333333332679739,0.3944954128078445,0.3636363633057851,0.1981981981803425,0.5358208955143907,0.14285714275510203,0.005
20,1.7315472455017946,0.7074679644726695,0.44288577154308617,0.35707754290766014,0.5937499998144531,0.39215686266820454,0.4403669724366636,0.2727272724793388,0.16216216214755297,0.49552238805230564,0.14285714275510203,0.005
21,1.730924720283259,0.6661322785915393,0.467935871743487,0.3205522273565096,0.18749999994140626,0.5686274508688965,0.31192660547597006,0.18181818165289254,0.31531531528690854,0.5358208955143907,0.14285714275510203,0.005
22,1.730958336879584,0.7245009164369592,0.4789579158316633,0.30698250759013107,0.1249999999609375,0.17647058820069203,0.522935779768538,0.3636363633057851,0.26126126123772425,0.5567164179021385,0.14285714275510203,0.005
23,1.7303193981166591,0.7266786511940678,0.4338677354709419,0.30849109594572355,0.28124999991210936,0.49019607833525564,0.3027522935502062,0.18181818165289254,0.18018018016394774,0.5089552238730006,0.21428571413265304,0.005
24,1.7296252116052941,0.7372999779571978,0.44789579158316634,0.3203829816701429,0.21874999993164063,0.19607843133410227,0.5412844036200657,0.3636363633057851,0.1981981981803425,0.5104477611864112,0.21428571413265304,0.005
25,1.7294099612838842,0.6271994335854852,0.41382765531062127,0.33717823086570015,0.3749999998828125,0.09803921566705114,0.3944954128078445,0.3636363633057851,0.4774774774344615,0.4373134328292938,0.21428571413265304,0.005
26,1.7290676826272497,0.6399852461733422,0.44288577154308617,0.3369934292365597,0.1249999999609375,0.3725490195347943,0.3944954128078445,0.3636363633057851,0.4054054053688824,0.48358208954502113,0.21428571413265304,0.005
27,1.7288019666448236,0.6719976132764468,0.4498997995991984,0.390799553364284,0.5937499998144531,0.31372549013456363,0.3761467889563168,0.3636363633057851,0.22522522520493468,0.5059701492461796,0.3571428568877551,0.005
28,1.7282430229031227,0.6297071466455998,0.47695390781563124,0.3212894194073885,0.031249999990234374,0.47058823520184545,0.16513761466374885,0.3636363633057851,0.44144144140167196,0.5626865671557808,0.21428571413265304,0.005
29,1.7287995314056224,0.6506782314863601,0.43286573146292584,0.33378506671825864,0.09374999997070313,0.35294117640138406,0.29357798162444243,0.3636363633057851,0.3873873873524876,0.48805970148525285,0.3571428568877551,0.005
30,1.7281531195410273,0.6864611899465235,0.46092184368737477,0.33242809534029777,0.21874999993164063,0.2941176470011534,0.4954128439912466,0.3636363633057851,0.2972972972705138,0.5149253731266429,0.14285714275510203,0.005
31,1.7285702516409485,0.6330053797071582,0.3807615230460922,0.34140715778102165,0.18749999994140626,0.5490196077354863,0.26605504584715095,0.18181818165289254,0.3783783783442903,0.39850746268061926,0.4285714282653061,0.005
32,1.7277593605897643,0.6026652521068537,0.46893787575150303,0.3533673826646738,0.06249999998046875,0.6862745096693579,0.23853211006985944,0.18181818165289254,0.4234234233852772,0.5238805970071062,0.3571428568877551,0.005
33,1.7271933363411913,0.7446259430716667,0.41282565130260523,0.30082415569615517,0.1249999999609375,0.17647058820069203,0.5504587155458295,0.3636363633057851,0.21621621619673728,0.4597014925304522,0.21428571413265304,0.005
34,1.7275438326495616,0.6907906311668056,0.4218436873747495,0.3670831607398916,0.28124999991210936,0.3333333332679739,0.3944954128078445,0.3636363633057851,0.22522522520493468,0.4716417910377367,0.49999999964285713,0.005
35,1.7266596088355237,0.6306991774004286,0.45691382765531063,0.3456248540519238,0.249999999921875,0.5294117646020761,0.366972477030553,0.18181818165289254,0.3783783783442903,0.49850746267912677,0.21428571413265304,0.005
36,1.727206146513874,0.6800643231057202,0.45190380761523047,0.3746442108445342,0.28124999991210936,0.3333333332679739,0.3027522935502062,0.3636363633057851,0.24324324322132945,0.5268656716339274,0.5714285710204081,0.005
37,1.7270014136182992,0.6999711995888126,0.44589178356713427,0.3247364197721831,0.15624999995117186,0.5490196077354863,0.4495412843624274,0.18181818165289254,0.22522522520493468,0.4970149253657162,0.21428571413265304,0.005
38,1.7262148311023007,0.6725063594825869,0.37675350701402804,0.33528437019130225,0.09374999997070313,0.4117647058016148,0.41284403665937214,0.3636363633057851,0.31531531528690854,0.39253731342697706,0.3571428568877551,0.005
39,1.7272519777444275,0.6923885701128311,0.4278557114228457,0.3489787134792889,0.4687499998535156,0.19607843133410227,0.38532110088208066,0.3636363633057851,0.26126126123772425,0.4820895522316106,0.28571428551020406,0.005
40,1.726203510453078,0.671157698744679,0.3867735470941884,0.3065606631925539,0.06249999998046875,0.6862745096693579,0.1100917431091659,0.18181818165289254,0.30630630627871114,0.4417910447695255,0.3571428568877551,0.005
41,1.725404104217887,0.7174571368243453,0.4278557114228457,0.355377749094613,0.21874999993164063,0.21568627446751248,0.5137614678427742,0.3636363633057851,0.1981981981803425,0.47761194029137893,0.49999999964285713,0.005
42,1.726279950785366,0.6502409912803018,0.4408817635270541,0.36473941327168813,0.7187499997753906,0.2941176470011534,0.2844036696986786,0.09090909082644627,0.31531531528690854,0.4925373134254845,0.3571428568877551,0.005
43,1.7247195247222076,0.6297546488907272,0.43587174348697394,0.30649069077873475,0.18749999994140626,0.43137254893502497,0.4495412843624274,0.09090909082644627,0.45945945941806676,0.4552238805902205,0.07142857137755101,0.005
44,1.725499870678918,0.6345776614816205,0.4759519038076152,0.3581976143275875,0.21874999993164063,0.49019607833525564,0.2844036696986786,0.18181818165289254,0.3603603603278955,0.5432835820814436,0.4285714282653061,0.005
45,1.7246719239787622,0.6634666043056832,0.467935871743487,0.34707814642608564,0.1249999999609375,0.5294117646020761,0.20183486236680415,0.3636363633057851,0.2972972972705138,0.555223880588728,0.3571428568877551,0.005
46,1.7263999810780992,0.6083904224647492,0.4338677354709419,0.35743078366157166,0.21874999993164063,0.5294117646020761,0.3302752293274977,0.18181818165289254,0.4234234233852772,0.46119402984386276,0.3571428568877551,0.005
47,1.7245865615762093,0.6667006671310763,0.4278557114228457,0.36013551105090696,0.6562499997949218,0.35294117640138406,0.4036697247336083,0.09090909082644627,0.2702702702459216,0.46119402984386276,0.28571428551020406,0.005
48,1.7247077316384425,0.529721010026411,0.4779559118236473,0.3640439767214726,0.31249999990234373,0.5098039214686659,0.27522935777291474,0.18181818165289254,0.6216216215656197,0.504477611932769,0.14285714275510203,0.005
49,1.7245361584831367,0.6674246853792359,0.3587174348697395,0.34448822139109253,0.249999999921875,0.5882352940023068,0.4311926605108998,0.09090909082644627,0.2702702702459216,0.35223880596489193,0.4285714282653061,0.005
50,1.7242403567175975,0.6932707128399078,0.47394789579158314,0.3572868964620449,0.28124999991210936,0.5490196077354863,0.45871559628819125,0.2727272724793388,0.18918918917214514,0.5358208955143907,0.21428571413265304,0.0025
51,1.7204644294794311,0.6936674406771709,0.44188376753507014,0.3291706179870854,0.06249999998046875,0.5882352940023068,0.3577981651047892,0.2727272724793388,0.23423423421313205,0.5029850746193584,0.28571428551020406,0.0025
52,1.720338137566366,0.6909833298586844,0.4248496993987976,0.3637375593241705,0.249999999921875,0.27450980386774315,0.5504587155458295,0.2727272724793388,0.24324324322132945,0.4552238805902205,0.49999999964285713,0.0025
53,1.7208985512737522,0.6929267802074475,0.47995991983967934,0.35859733593662346,0.249999999921875,0.5098039214686659,0.422018348585136,0.3636363633057851,0.1981981981803425,0.5522388059619069,0.21428571413265304,0.0025
54,1.7209147403694012,0.6633925916538733,0.4188376753507014,0.3550925425395771,0.1249999999609375,0.2941176470011534,0.41284403665937214,0.3636363633057851,0.33333333330330334,0.4567164179036311,0.49999999964285713,0.0025
55,1.7204806874929504,0.651346529038563,0.47194388777555113,0.36403655309959193,0.31249999990234373,0.5098039214686659,0.31192660547597006,0.3636363633057851,0.2972972972705138,0.5388059701412119,0.21428571413265304,0.0025
56,1.7206711953675204,0.6886068521204335,0.45991983967935873,0.38275714293570695,0.5624999998242187,0.2941176470011534,0.45871559628819125,0.3636363633057851,0.1981981981803425,0.5164179104400535,0.28571428551020406,0.0025
57,1.7206837067549878,0.6682301256201189,0.4468937875751503,0.3806816405328866,0.28124999991210936,0.31372549013456363,0.4403669724366636,0.3636363633057851,0.2702702702459216,0.49552238805230564,0.49999999964285713,0.0025
58,1.7205116228115829,0.6677776031276649,0.45791583166332667,0.37808950380454015,0.4062499998730469,0.43137254893502497,0.32110091740173385,0.3636363633057851,0.24324324322132945,0.5238805970071062,0.3571428568877551,0.0025
59,1.720615298487246,0.6169690281506425,0.4729458917835671,0.3484837423181286,0.18749999994140626,0.35294117640138406,0.4495412843624274,0.2727272724793388,0.45045045040986936,0.5119402984998218,0.21428571413265304,0.0025
60,1.7203337109055032,0.7095382456806022,0.45991983967935873,0.32988295775814763,0.21874999993164063,0.27450980386774315,0.4678899082139551,0.3636363633057851,0.24324324322132945,0.5268656716339274,0.21428571413265304,0.0025
61,1.7203116783533583,0.681615463107247,0.4819639278557114,0.3501087287926548,0.09374999997070313,0.4117647058016148,0.3944954128078445,0.3636363633057851,0.2702702702459216,0.5597014925289596,0.3571428568877551,0.0025
62,1.720158262940293,0.7226293083313972,0.45691382765531063,0.3498175753414185,0.28124999991210936,0.25490196073433297,0.48623853206548273,0.3636363633057851,0.18018018016394774,0.5253731343205168,0.3571428568877551,0.0025
63,1.7205053863369606,0.6775910419647581,0.4729458917835671,0.3626762536583245,0.3437499998925781,0.2941176470011534,0.4678899082139551,0.2727272724793388,0.2702702702459216,0.5328358208875696,0.3571428568877551,0.0025
64,1.720426547256383,0.7138622589967797,0.46392785571142287,0.3366625455358295,0.249999999921875,0.2941176470011534,0.4036697247336083,0.3636363633057851,0.21621621619673728,0.5432835820814436,0.28571428551020406,0.0025
65,1.720389721322466,0.6137850303926845,0.4819639278557114,0.35954272737426146,0.09374999997070313,0.5294117646020761,0.366972477030553,0.3636363633057851,0.4144144143770798,0.5343283582009801,0.21428571413265304,0.0025
66,1.720563199794428,0.6792645288064344,0.44889779559118237,0.3560818915662889,0.3437499998925781,0.5882352940023068,0.45871559628819125,0.18181818165289254,0.21621621619673728,0.4895522387986634,0.21428571413265304,0.0025
67,1.7200951689684933,0.6637004199461989,0.46993987975951906,0.3505742247443661,0.31249999990234373,0.5294117646020761,0.41284403665937214,0.18181818165289254,0.279279279254119,0.5238805970071062,0.21428571413265304,0.0025
68,1.7207555142654614,0.682854357276442,0.45991983967935873,0.3749344667514922,0.3749999998828125,0.35294117640138406,0.4311926605108998,0.3636363633057851,0.22522522520493468,0.5194029850668745,0.3571428568877551,0.0025
69,1.7202161868018182,0.6274475932749534,0.437875751503006,0.3501977669579824,0.031249999990234374,0.5686274508688965,0.422018348585136,0.3636363633057851,0.3873873873524876,0.4641791044706839,0.21428571413265304,0.0025
70,1.7205403634262355,0.6786243535748078,0.45490981963927857,0.35593619989858755,0.249999999921875,0.31372549013456363,0.41284403665937214,0.3636363633057851,0.279279279254119,0.5149253731266429,0.3571428568877551,0.0025
71,1.7203907688910312,0.6485363559868319,0.4228456913827655,0.33672924020520584,0.09374999997070313,0.4509803920684352,0.41284403665937214,0.3636363633057851,0.3693693693360929,0.45223880596339944,0.21428571413265304,0.0025
72,1.720167091708969,0.635730843150046,0.4529058116232465,0.352064367999374,0.21874999993164063,0.607843137135717,0.41284403665937214,0.18181818165289254,0.34234234231150074,0.48656716417184226,0.21428571413265304,0.0025
73,1.7200760042972185,0.7315549417717658,0.46593186372745493,0.3458638174978919,0.31249999990234373,0.3333333332679739,0.5412844036200657,0.2727272724793388,0.1441441441311582,0.531343283574159,0.28571428551020406,0.0025
74,1.7201595314863054,0.625388413813197,0.46593186372745493,0.34597215981391327,0.15624999995117186,0.31372549013456363,0.422018348585136,0.3636363633057851,0.44144144140167196,0.5104477611864112,0.21428571413265304,0.0025
75,1.71990470435809,0.6759780544889044,0.43887775551102204,0.3845757362007084,0.4062499998730469,0.4117647058016148,0.5412844036200657,0.3636363633057851,0.21621621619673728,0.467164179097505,0.28571428551020406,0.0025
76,1.7206049309196798,0.6808768126370377,0.46593186372745493,0.34652382046038926,0.28124999991210936,0.2941176470011534,0.45871559628819125,0.3636363633057851,0.2882882882623164,0.5253731343205168,0.21428571413265304,0.0025
77,1.7203276628120379,0.6795609013660371,0.4318637274549098,0.3676800077242547,0.31249999990234373,0.3333333332679739,0.48623853206548273,0.3636363633057851,0.25225225222952685,0.46865671641091555,0.3571428568877551,0.0025
78,1.7199607989327474,0.6739588673308158,0.44288577154308617,0.37161271847916705,0.31249999990234373,0.47058823520184545,0.4495412843624274,0.3636363633057851,0.23423423421313205,0.4850746268584317,0.28571428551020406,0.0025
79,1.7200299301608042,0.6455414804913209,0.46693386773547096,0.35381568258978324,0.1249999999609375,0.4509803920684352,0.3761467889563168,0.3636363633057851,0.3513513513196981,0.5238805970071062,0.28571428551020406,0.0025
80,1.7198933982713656,0.6439520133723817,0.4529058116232465,0.381707914606365,0.43749999986328125,0.35294117640138406,0.33944954125326154,0.3636363633057851,0.31531531528690854,0.5059701492461796,0.3571428568877551,0.0025
81,1.7204229446466675,0.7153255275153186,0.44288577154308617,0.3368515578805395,0.18749999994140626,0.2941176470011534,0.5137614678427742,0.3636363633057851,0.21621621619673728,0.4970149253657162,0.28571428551020406,0.0025
82,1.7199102431027726,0.6821689189177365,0.46893787575150303,0.36538572188995755,0.249999999921875,0.47058823520184545,0.4311926605108998,0.3636363633057851,0.22522522520493468,0.531343283574159,0.28571428551020406,0.0025
83,1.720598909326575,0.6499597531836392,0.4849699398797595,0.3634770883774002,0.4687499998535156,0.25490196073433297,0.4495412843624274,0.2727272724793388,0.34234234231150074,0.541791044768033,0.21428571413265304,0.0025
84,1.7202733489261433,0.6970671153243199,0.48396793587174347,0.363531314163707,0.28124999991210936,0.27450980386774315,0.48623853206548273,0.3636363633057851,0.22522522520493468,0.5567164179021385,0.3571428568877551,0.0025
85,1.7202240623195062,0.6360384857727921,0.47394789579158314,0.38789531368354957,0.31249999990234373,0.4117647058016148,0.422018348585136,0.3636363633057851,0.32432432429510594,0.5238805970071062,0.3571428568877551,0.0025
86,1.71984496941282,0.6730337521890704,0.43887775551102204,0.3476797672330333,0.09374999997070313,0.5882352940023068,0.34862385317902533,0.3636363633057851,0.26126126123772425,0.4925373134254845,0.28571428551020406,0.0025
87,1.720642125742002,0.7055572496161504,0.4589178356713427,0.33746580740472243,0.21874999993164063,0.27450980386774315,0.4495412843624274,0.3636363633057851,0.24324324322132945,0.5268656716339274,0.28571428551020406,0.0025
88,1.7203247095881538,0.6380517987973637,0.47995991983967934,0.3639226468895377,0.31249999990234373,0.3725490195347943,0.38532110088208066,0.3636363633057851,0.3603603603278955,0.5388059701412119,0.21428571413265304,0.0025
89,1.7198430951684713,0.6466842385915927,0.48897795591182364,0.3530868769457451,0.49999999984375,0.4509803920684352,0.31192660547597006,0.18181818165289254,0.32432432429510594,0.5597014925289596,0.14285714275510203,0.0025
90,1.7198512206192722,0.6761081703964367,0.48296593186372744,0.3744340739832443,0.3437499998925781,0.4117647058016148,0.4311926605108998,0.3636363633057851,0.23423423421313205,0.5507462686484963,0.28571428551020406,0.0025
91,1.7198006939989599,0.6939277232537332,0.45691382765531063,0.37117900547527805,0.3749999998828125,0.4117647058016148,0.3761467889563168,0.3636363633057851,0.18918918917214514,0.5253731343205168,0.3571428568877551,0.0025
92,1.719999761997976,0.6624434105372967,0.48897795591182364,0.34236732843703743,0.21874999993164063,0.27450980386774315,0.41284403665937214,0.3636363633057851,0.3513513513196981,0.5611940298423702,0.21428571413265304,0.0025
93,1.7198154778981751,0.6092385722722073,0.4258517034068136,0.3874627164949641,0.31249999990234373,0.4117647058016148,0.34862385317902533,0.3636363633057851,0.396396396360685,0.45074626864998885,0.4285714282653061,0.0025
94,1.719585790891539,0.683857890999986,0.44789579158316634,0.3715348787071115,0.4062499998730469,0.35294117640138406,0.4954128439912466,0.2727272724793388,0.22522522520493468,0.491044776112074,0.3571428568877551,0.0025
95,1.7201887295496734,0.6946037232456217,0.4529058116232465,0.3474776912359237,0.18749999994140626,0.4509803920684352,0.48623853206548273,0.3636363633057851,0.22522522520493468,0.504477611932769,0.21428571413265304,0.0025
96,1.7199363571337678,0.6733449005299471,0.45691382765531063,0.35364986396352777,0.15624999995117186,0.43137254893502497,0.366972477030553,0.3636363633057851,0.279279279254119,0.5208955223802851,0.3571428568877551,0.0025
97,1.720250053331256,0.6353563394787914,0.46693386773547096,0.3377595388944808,0.09374999997070313,0.5294117646020761,0.23853211006985944,0.3636363633057851,0.3873873873524876,0.5373134328278013,0.21428571413265304,0.0025
98,1.720078059387478,0.6098926027290391,0.4589178356713427,0.37554003830168065,0.21874999993164063,0.607843137135717,0.31192660547597006,0.18181818165289254,0.3783783783442903,0.5014925373059479,0.4285714282653061,0.0025
99,1.7201564455912872,0.6702382861258401,0.42084168336673344,0.36516946562851554,0.15624999995117186,0.39215686266820454,0.4036697247336083,0.3636363633057851,0.279279279254119,0.46119402984386276,0.49999999964285713,0.0025
100,1.719736297445541,0.7244669557328882,0.43587174348697394,0.3385668971191745,0.15624999995117186,0.21568627446751248,0.5045871559170104,0.3636363633057851,0.2072072071885399,0.49402985073889505,0.4285714282653061,0.00125
