epoch,train_loss,val_fitness,val_acc,val_bal_acc,val_recall_0,val_recall_1,val_recall_2,val_recall_3,val_recall_4,val_recall_5,val_recall_6,val_recall_7,lr
1,1.677508577984176,0.5048095434528107,0.49325513196480936,0.49687726394284615,0.2148760330400929,0.6848874597850518,0.44516129029386053,0.09342560553309946,0.8347107437326686,0.33098591546964884,0.3795180722777253,0.9914529914106216,0.005
2,1.5443744043235637,0.4579394267081293,0.45102639296187685,0.5017670347174459,0.5537190082187009,0.5659163986956297,0.6516129031837669,0.010380622837011052,0.6694214875479817,0.4295774647584804,0.150602409634018,0.9829059828639783,0.005
3,1.5324205042274484,0.4145567306489324,0.535483870967742,0.5629999625662677,0.3553719007970767,0.46945337619069283,0.5548387096416233,0.03460207612337017,0.8429752065419029,0.6549295774186669,0.6174698794994737,0.9743589743173351,0.005
4,1.528184001227941,0.43864608002949373,0.530791788856305,0.5482942185071322,0.2975206611324363,0.4180064308547265,0.4322580644882414,0.1833910034538619,0.8760330577788403,0.5985915492536202,0.5933734939580309,0.9871794871373,0.005
5,1.5257720660805254,0.4270342897634112,0.5219941348973607,0.551467467391354,0.5206611569817635,0.43408360127221596,0.6903225806006243,0.11072664359478454,0.6363636363110443,0.5211267605266812,0.5240963855263826,0.9743589743173351,0.005
6,1.524534519384143,0.44802249952896783,0.5501466275659824,0.5530964977559967,0.3966942148432484,0.5691318327791276,0.5096774193219563,0.05536332179739227,0.6694214875479817,0.5492957746092045,0.6837349397384417,0.9914529914106216,0.005
7,1.5210465549378283,0.4684865219742685,0.47390029325513194,0.5095751999791074,0.3471074379878424,0.6302250803655876,0.7354838709202913,0.10034602075777349,0.6115702478833414,0.528169014047312,0.15361445782669836,0.9700854700440134,0.005
8,1.5184775401415007,0.4626997125689628,0.5290322580645161,0.5364336094072517,0.32231404956013937,0.6302250803655876,0.5806451612528616,0.031141868511033153,0.6776859503572161,0.5140845070060504,0.5481927710678255,0.9871794871373,0.005
9,1.516054492718884,0.43114796180634535,0.49325513196480936,0.5356838782979061,0.49586776855406056,0.4533762057732033,0.6258064515725286,0.013840830449348068,0.6528925619295131,0.6408450703774052,0.41566265058988966,0.9871794871373,0.005
10,1.5141506788876835,0.4387576853135893,0.5067448680351906,0.5364575028875638,0.4297520660801858,0.5659163986956297,0.4967741935163371,0.0,0.8016528924957312,0.5563380281298353,0.4668674698654558,0.9743589743173351,0.005
11,1.5139917851389573,0.4615131272801386,0.5219941348973607,0.5346107622423926,0.289256198323202,0.617363344031596,0.6129032257669095,0.12110726643179559,0.6942148759756848,0.5211267605266812,0.4337349397459718,0.9871794871373,0.005
12,1.5117339206129798,0.45385677885581943,0.49560117302052786,0.5249629006238413,0.3305785123693737,0.6237942121985918,0.5677419354472424,0.0,0.7685950412587939,0.5633802816504662,0.35843373492896285,0.9871794871373,0.005
13,1.5123029701104003,0.4560813359620169,0.4826979472140763,0.5179085836501975,0.3553719007970767,0.6688102893675624,0.6387096773781478,0.0,0.7685950412587939,0.49295774644415785,0.2530120481851502,0.9658119657706917,0.005
14,1.511035225865838,0.43392220068037474,0.5331378299120234,0.5515783017303695,0.4628099173171232,0.6141479099480981,0.48387096771071797,0.031141868511033153,0.7520661156403251,0.5422535210885737,0.5391566264897845,0.9871794871373,0.005
15,1.510855095556591,0.44700077016529727,0.5155425219941349,0.5357856399282352,0.3884297520340141,0.4758842443576886,0.3419354838489074,0.006920415224674034,0.7851239668772625,0.6760563379805594,0.6204819276921542,0.9914529914106216,0.005
16,1.511041418631772,0.4768044012360324,0.49853372434017595,0.5174346216535073,0.4049586776524828,0.6559485530335708,0.8064516128511966,0.058823529409729285,0.43801652888942016,0.48591549292352704,0.31927710842411816,0.9700854700440134,0.005
17,1.509889720080045,0.43357901434278384,0.49736070381231673,0.5349423647922775,0.4297520660801858,0.4598070739401991,0.4322580644882414,0.003460207612337017,0.7685950412587939,0.7183098591043443,0.4759036144434969,0.9914529914106216,0.005
18,1.509123198380309,0.44590007890835337,0.4697947214076246,0.5173736235565958,0.3471074379878424,0.4855305466081823,0.5419354838360041,0.0,0.7272727272126221,0.7535211267074985,0.2921686746899949,0.9914529914106216,0.005
19,1.5081569956002456,0.42211993935446335,0.5243401759530791,0.5542945023702869,0.42148760327095147,0.5048231511091696,0.5806451612528616,0.07612456747141437,0.7851239668772625,0.5845070422123586,0.5030120481776201,0.9786324785906567,0.005
20,1.5088522438710563,0.4396532250580188,0.4750733137829912,0.5230601457905786,0.38016528922477977,0.4855305466081823,0.5419354838360041,0.13148788926880664,0.7851239668772625,0.6549295774186669,0.21385542168030555,0.9914529914106216,0.005
21,1.5070319654646147,0.4222408312819192,0.5372434017595308,0.5601572861363617,0.5041322313632949,0.4855305466081823,0.5419354838360041,0.1626297577798398,0.7355371900218565,0.528169014047312,0.536144578297104,0.9871794871373,0.005
22,1.4996915330576508,0.43214107544858116,0.45689149560117304,0.5182156720180939,0.5702479338371697,0.556270096445136,0.619354838669719,0.0,0.6611570247387474,0.6267605633361436,0.1204819277072144,0.9914529914106216,0.005
23,1.489562493987913,0.4473419738809885,0.5202346041055719,0.5389480806221938,0.3719008264155454,0.6302250803655876,0.4967741935163371,0.006920415224674034,0.7851239668772625,0.5352112675679428,0.49397590359957905,0.9914529914106216,0.005
24,1.487158916918596,0.4225615598897714,0.4997067448680352,0.5425167620707704,0.49586776855406056,0.5273311896936549,0.529032258030385,0.05536332179739227,0.7438016528310908,0.647887323898036,0.34939759035092177,0.9914529914106216,0.005
25,1.4856333238759238,0.43433203296055684,0.5255131964809384,0.5478899777630821,0.4132231404617171,0.6366559485325834,0.4709677419050988,0.04498269896038122,0.8099173553049656,0.5563380281298353,0.46385542167277544,0.9871794871373,0.005
26,1.4837892926828435,0.46670377152750797,0.5196480938416422,0.5302883311628438,0.3636363636063111,0.7202572347035286,0.5677419354472424,0.10034602075777349,0.6776859503572161,0.4507042253203729,0.37048192769968424,0.9914529914106216,0.005
27,1.483139922383133,0.46761137760075583,0.535483870967742,0.5376104429323746,0.3636363636063111,0.6816720257015539,0.5419354838360041,0.19031141867853593,0.6363636363110443,0.4647887323616346,0.43072289155329146,0.9914529914106216,0.005
28,1.4835171956144675,0.4246314406403624,0.48328445747800586,0.535375572444129,0.49586776855406056,0.5273311896936549,0.6838709676978147,0.006920415224674034,0.6198347106925757,0.7042253520630827,0.2620481927631913,0.9829059828639783,0.005
29,1.481883546586926,0.4560213251320351,0.5049853372434018,0.5292883191653766,0.4545454545078888,0.6655948552840645,0.6580645160865765,0.13494809688114365,0.6446280991202787,0.4225352112378496,0.2710843373412324,0.9829059828639783,0.005
30,1.4820552864420846,0.4393465800570422,0.5243401759530791,0.5459053080107306,0.314049586750905,0.463022508023697,0.5419354838360041,0.0,0.7190082644033878,0.7112676055837135,0.6265060240775149,0.9914529914106216,0.005
31,1.4826164890141302,0.42208478118855963,0.5026392961876833,0.5440825761037937,0.4628099173171232,0.588424437280115,0.529032258030385,0.003460207612337017,0.7603305784495595,0.6690140844599285,0.35240963854360213,0.9871794871373,0.005
32,1.4808104100901731,0.45005130796350906,0.5378299120234604,0.5470730259347208,0.28099173551396767,0.4919614147751781,0.5548387096416233,0.0,0.6694214875479817,0.6830985915011902,0.7048192770872043,0.9914529914106216,0.005
33,1.4810900641919973,0.43741949605956826,0.4997067448680352,0.5359689552104752,0.3966942148432484,0.6109324758646002,0.6064516128640999,0.0,0.6942148759756848,0.6549295774186669,0.3373493975802003,0.9871794871373,0.005
34,1.4806099024523185,0.45410190759261093,0.5114369501466276,0.5342687680241383,0.24793388427703028,0.5594855305286339,0.6645161289893861,0.05536332179739227,0.6528925619295131,0.6760563379805594,0.43072289155329146,0.9871794871373,0.005
35,1.4798717722576462,0.4253103843570917,0.5149560117302053,0.5474028228541774,0.528925619790998,0.5401929260276466,0.4709677419050988,0.006920415224674034,0.7190082644033878,0.6338028168567744,0.4879518072142183,0.9914529914106216,0.005
36,1.4794401956887657,0.45653173383830303,0.5302052785923753,0.5405618640064344,0.3636363636063111,0.6591639871170687,0.574193548350052,0.0,0.603305785074107,0.6056338027742512,0.527108433719063,0.9914529914106216,0.005
37,1.4785600784275499,0.4522650387283003,0.5395894428152492,0.5462972758360014,0.4545454545078888,0.6045016076976044,0.5225806451275754,0.23183391002658013,0.7024793387849191,0.3943661971553263,0.4728915662508165,0.9871794871373,0.005
38,1.4783876188407106,0.41675011842852183,0.521407624633431,0.555665481263485,0.5206611569817635,0.36977491960225806,0.5870967741556712,0.013840830449348068,0.6528925619295131,0.6830985915011902,0.6265060240775149,0.9914529914106216,0.005
39,1.477639669918447,0.43638334224421377,0.5260997067448681,0.5490256548960655,0.3471074379878424,0.6012861736141065,0.6258064515725286,0.0,0.6859504131664504,0.647887323898036,0.4969879517922594,0.9871794871373,0.005
40,1.477951045030348,0.4189675061257812,0.543108504398827,0.5635939623329755,0.4545454545078888,0.4919614147751781,0.44516129029386053,0.08304498269608841,0.8016528924957312,0.612676056294882,0.6325301204628756,0.9871794871373,0.005
41,1.4778386573767632,0.4463894674552087,0.49266862170087977,0.5291724594937653,0.33884297517860806,0.5498392282781402,0.6645161289893861,0.031141868511033153,0.6363636363110443,0.6971830985424519,0.32831325300215924,0.9871794871373,0.005
42,1.4768878214051935,0.44858742536422275,0.481524926686217,0.5221483293415126,0.264462809895499,0.5819935691131192,0.574193548350052,0.08304498269608841,0.7933884296864968,0.6760563379805594,0.2168674698729859,0.9871794871373,0.005
43,1.4765997361181973,0.4324983906622195,0.5284457478005865,0.5512934850621812,0.3057851239416707,0.5016077170256718,0.5225806451275754,0.09342560553309946,0.8016528924957312,0.6619718309392977,0.536144578297104,0.9871794871373,0.005
44,1.4759734200595764,0.426668632985217,0.5120234604105571,0.5468619445684124,0.4132231404617171,0.5627009646121318,0.574193548350052,0.04498269896038122,0.7272727272126221,0.6690140844599285,0.40060240962648785,0.9829059828639783,0.005
45,1.4749212026297673,0.41014933311376917,0.4961876832844575,0.5466504445075764,0.5454545454094666,0.3665594855187601,0.619354838669719,0.03460207612337017,0.7520661156403251,0.6267605633361436,0.4668674698654558,0.9615384614973701,0.005
46,1.4751930259196122,0.42563952088908114,0.46158357771261,0.523724339857972,0.5371900826002323,0.4919614147751781,0.6645161289893861,0.017301038061685085,0.6942148759756848,0.6338028168567744,0.1807228915608216,0.9700854700440134,0.005
47,1.4751256189596966,0.47183795622180735,0.4991202346041056,0.517911027787919,0.3471074379878424,0.7749196141229929,0.574193548350052,0.03460207612337017,0.7024793387849191,0.4577464788410037,0.26506024095587166,0.9871794871373,0.005
48,1.4755332865315176,0.4114538884250662,0.5161290322580645,0.5553435386648855,0.4297520660801858,0.4790996784411865,0.5419354838360041,0.0,0.8181818181141999,0.6830985915011902,0.5120481927556612,0.9786324785906567,0.005
49,1.4750631925310749,0.4232710338240828,0.49736070381231673,0.5419413366394928,0.3966942148432484,0.37942122185275173,0.5935483870584807,0.08304498269608841,0.7355371900218565,0.7323943661456059,0.4277108433606111,0.9871794871373,0.005
50,1.4750220459304255,0.4389764987542669,0.5284457478005865,0.5476053900741938,0.3553719007970767,0.5819935691131192,0.5032258064191467,0.020761245674022103,0.7520661156403251,0.6338028168567744,0.5421686746824648,0.9914529914106216,0.0025
51,1.4719247667303073,0.4283830241212566,0.535483870967742,0.5568524662965095,0.3057851239416707,0.5048231511091696,0.5870967741556712,0.0,0.7603305784495595,0.6830985915011902,0.6265060240775149,0.9871794871373,0.0025
52,1.471880560673223,0.4274039236804333,0.5331378299120234,0.5544312752992967,0.4545454545078888,0.6109324758646002,0.438709677391051,0.017301038061685085,0.8099173553049656,0.570422535171097,0.5421686746824648,0.9914529914106216,0.0025
53,1.4715028285085037,0.4158852434108562,0.5401759530791789,0.5637000963009594,0.5371900826002323,0.4501607716897054,0.4967741935163371,0.013840830449348068,0.7190082644033878,0.612676056294882,0.6927710843164828,0.9871794871373,0.0025
54,1.4706973401416974,0.434325813719205,0.5208211143695015,0.5466037598318733,0.3884297520340141,0.40836012860423276,0.529032258030385,0.006920415224674034,0.6776859503572161,0.7323943661456059,0.6385542168482363,0.9914529914106216,0.0025
55,1.4714807089935704,0.4145639436645363,0.5436950146627566,0.566812387893836,0.4628099173171232,0.4533762057732033,0.5354838709331946,0.0,0.7107438015941534,0.6830985915011902,0.7018072288945238,0.9871794871373,0.0025
56,1.4713499850415168,0.40835886749790196,0.535483870967742,0.5652020920524539,0.5206611569817635,0.44372990352270963,0.48387096771071797,0.0,0.7685950412587939,0.6549295774186669,0.6626506023896792,0.9871794871373,0.0025
57,1.4710386299221625,0.4290684060588802,0.521407624633431,0.55006938891212,0.4545454545078888,0.5691318327791276,0.5806451612528616,0.058823529409729285,0.6776859503572161,0.6267605633361436,0.44578313251669327,0.9871794871373,0.0025
58,1.4715278450031304,0.4175973012172046,0.5296187683284458,0.5595899571929406,0.4545454545078888,0.5337620578606507,0.619354838669719,0.048442906572718235,0.7190082644033878,0.612676056294882,0.5060240963703004,0.9829059828639783,0.0025
59,1.4715766491967537,0.41392955066134957,0.5378299120234604,0.5651731490627172,0.4462809916986545,0.5723472668626255,0.6129032257669095,0.003460207612337017,0.7272727272126221,0.6267605633361436,0.5451807228751452,0.9871794871373,0.0025
60,1.4715946878449937,0.42468494395118966,0.533724340175953,0.5575711188328853,0.43801652888942016,0.5691318327791276,0.574193548350052,0.010380622837011052,0.7107438015941534,0.6197183098155128,0.5512048192605059,0.9871794871373,0.0025
61,1.4714547694102396,0.41759904979070395,0.5073313782991202,0.5490889037456281,0.5041322313632949,0.4501607716897054,0.619354838669719,0.003460207612337017,0.6694214875479817,0.6830985915011902,0.4759036144434969,0.9871794871373,0.0025
62,1.4705753614368366,0.4118579018106375,0.535483870967742,0.5644622777416946,0.5206611569817635,0.5080385851926675,0.574193548350052,0.0,0.7024793387849191,0.6267605633361436,0.5963855421507113,0.9871794871373,0.0025
63,1.4708102155239025,0.42924504181878514,0.518475073313783,0.5485723329469849,0.47933884293559187,0.588424437280115,0.5999999999612903,0.11418685120712156,0.7107438015941534,0.5352112675679428,0.3734939758923646,0.9871794871373,0.0025
64,1.4714553838080549,0.4231663804694313,0.5290322580645161,0.556089131495356,0.4545454545078888,0.556270096445136,0.5548387096416233,0.038062283735707185,0.7190082644033878,0.6267605633361436,0.5120481927556612,0.9871794871373,0.0025
65,1.4707307699177232,0.4150878900865217,0.5296187683284458,0.5601465347268916,0.4545454545078888,0.4790996784411865,0.529032258030385,0.07266435985907736,0.7685950412587939,0.647887323898036,0.5421686746824648,0.9871794871373,0.0025
66,1.4705866967632117,0.43190280727278263,0.530791788856305,0.5527211507743384,0.3471074379878424,0.3954983922702412,0.5419354838360041,0.11072664359478454,0.7438016528310908,0.6690140844599285,0.6265060240775149,0.9871794871373,0.0025
67,1.4714204429535753,0.4192504453840253,0.5489736070381231,0.5658947532126449,0.47933884293559187,0.5659163986956297,0.45161290319667013,0.013840830449348068,0.7851239668772625,0.5845070422123586,0.6596385541969988,0.9871794871373,0.0025
68,1.471118703353987,0.4298825576964046,0.5020527859237537,0.5406078530909314,0.4049586776524828,0.6334405144490854,0.6387096773781478,0.003460207612337017,0.7520661156403251,0.5985915492536202,0.31927710842411816,0.9743589743173351,0.0025
69,1.471275222316403,0.41382033372974625,0.5243401759530791,0.5581743162985535,0.4876033057448262,0.4501607716897054,0.5612903225444329,0.010380622837011052,0.7355371900218565,0.6549295774186669,0.5783132529946291,0.9871794871373,0.0025
70,1.471406363575569,0.4262586678368957,0.5419354838709678,0.5604596913195563,0.3966942148432484,0.4244372990217223,0.5677419354472424,0.07266435985907736,0.7355371900218565,0.612676056294882,0.6867469879311221,0.9871794871373,0.0025
71,1.470885606671454,0.4321785285173388,0.5395894428152492,0.5552627621803632,0.4462809916986545,0.6205787781150939,0.44516129029386053,0.058823529409729285,0.7933884296864968,0.5352112675679428,0.5512048192605059,0.9914529914106216,0.0025
72,1.4710408225375808,0.428087095039844,0.506158357771261,0.5434269053158802,0.4049586776524828,0.5659163986956297,0.5870967741556712,0.010380622837011052,0.7272727272126221,0.6760563379805594,0.3885542168557664,0.9871794871373,0.0025
73,1.470427167878133,0.422440468378094,0.5196480938416422,0.5511295616567713,0.43801652888942016,0.5948553054471107,0.5032258064191467,0.006920415224674034,0.8264462809234342,0.5915492957329894,0.4608433734800951,0.9871794871373,0.0025
74,1.470967620275495,0.4277832914972341,0.5296187683284458,0.5533779167579405,0.4297520660801858,0.6141479099480981,0.5032258064191467,0.058823529409729285,0.8016528924957312,0.5563380281298353,0.4759036144434969,0.9871794871373,0.0025
75,1.470381419112596,0.4231392631958939,0.5208211143695015,0.5521052199063446,0.47933884293559187,0.5337620578606507,0.5806451612528616,0.003460207612337017,0.7107438015941534,0.612676056294882,0.5090361445629809,0.9871794871373,0.0025
76,1.4711977244915444,0.4150429036815264,0.5343108504398827,0.5621395365843898,0.49586776855406056,0.4919614147751781,0.5548387096416233,0.0,0.7190082644033878,0.6338028168567744,0.6144578313067934,0.9871794871373,0.0025
77,1.4706909805722768,0.43468573972234115,0.513782991202346,0.5439854434733908,0.3966942148432484,0.6591639871170687,0.6258064515725286,0.04498269896038122,0.7272727272126221,0.570422535171097,0.3403614457728807,0.9871794871373,0.0025
78,1.4706985725180826,0.42918570044512167,0.5290322580645161,0.5530271072713454,0.43801652888942016,0.588424437280115,0.5612903225444329,0.0,0.7024793387849191,0.6197183098155128,0.527108433719063,0.9871794871373,0.0025
79,1.470705522613621,0.4408647881613493,0.5348973607038123,0.5502108799839596,0.3471074379878424,0.4244372990217223,0.5548387096416233,0.09342560553309946,0.6942148759756848,0.6408450703774052,0.6596385541969988,0.9871794871373,0.0025
80,1.4707016519670641,0.4264076559671051,0.5225806451612903,0.5513869630525527,0.4132231404617171,0.6559485530335708,0.5806451612528616,0.006920415224674034,0.7851239668772625,0.5633802816504662,0.41867469878257,0.9871794871373,0.0025
81,1.4708426438822166,0.42120912852342507,0.5173020527859238,0.5524329318139987,0.5041322313632949,0.5209003215266591,0.6387096773781478,0.027681660898696135,0.62809917350181,0.6549295774186669,0.4578313252874147,0.9871794871373,0.0025
82,1.4707204821112756,0.4060700138374001,0.5255131964809384,0.5631962801316373,0.47933884293559187,0.4919614147751781,0.6258064515725286,0.017301038061685085,0.7438016528310908,0.6549295774186669,0.5180722891410219,0.9743589743173351,0.0025
83,1.4706492723899431,0.43546831123399343,0.5079178885630499,0.5406231305419857,0.3966942148432484,0.5369774919441486,0.5548387096416233,0.16608996539217682,0.7603305784495595,0.5915492957329894,0.3313253011948396,0.9871794871373,0.0025
84,1.4705316386324294,0.4171547392194039,0.5325513196480939,0.5607184419591216,0.42148760327095147,0.5530546623616381,0.5612903225444329,0.09342560553309946,0.8099173553049656,0.5774647886917278,0.4819277108288576,0.9871794871373,0.0025
85,1.470250192362913,0.4045026480909336,0.5343108504398827,0.5668711264318594,0.5206611569817635,0.4919614147751781,0.5612903225444329,0.006920415224674034,0.8016528924957312,0.5774647886917278,0.5963855421507113,0.9786324785906567,0.0025
86,1.471141131858205,0.4021809751958291,0.5255131964809384,0.5640579802136241,0.5371900826002323,0.46945337619069283,0.5225806451275754,0.0,0.7768595040680282,0.6619718309392977,0.5572289156458666,0.9871794871373,0.0025
87,1.4705984213474546,0.43761039328421925,0.5436950146627566,0.5557189276721475,0.3471074379878424,0.5401929260276466,0.5483870967388137,0.10380622837011051,0.7603305784495595,0.5563380281298353,0.602409638536072,0.9871794871373,0.0025
88,1.4709964050667754,0.4274105010573744,0.533724340175953,0.5556856208720764,0.4132231404617171,0.5948553054471107,0.4967741935163371,0.09342560553309946,0.8016528924957312,0.570422535171097,0.4879518072142183,0.9871794871373,0.0025
89,1.4708341457070935,0.43072492024150355,0.5243401759530791,0.5506742098427637,0.289256198323202,0.556270096445136,0.5677419354472424,0.05536332179739227,0.8016528924957312,0.6690140844599285,0.47891566263617724,0.9871794871373,0.0025
90,1.4704344997716339,0.44136136416482485,0.5085043988269795,0.5371302304380601,0.28099173551396767,0.37299035368575595,0.529032258030385,0.020761245674022103,0.7851239668772625,0.7112676055837135,0.6054216867287523,0.9914529914106216,0.0025
91,1.470437363480149,0.4506649437678539,0.5155425219941349,0.5360240035012641,0.314049586750905,0.6527331189500729,0.5419354838360041,0.03460207612337017,0.7685950412587939,0.570422535171097,0.41867469878257,0.9871794871373,0.0025
92,1.4707432694369473,0.4223763822259117,0.5278592375366569,0.5561553558089627,0.4545454545078888,0.5852090031966171,0.5935483870584807,0.051903114185055256,0.7355371900218565,0.5774647886917278,0.46385542167277544,0.9871794871373,0.0025
93,1.470536086377274,0.4224553395023058,0.546041055718475,0.5647494497381544,0.4297520660801858,0.5016077170256718,0.6064516128640999,0.12456747404413261,0.7272727272126221,0.5563380281298353,0.5933734939580309,0.9786324785906567,0.0025
94,1.4698414872674381,0.40894149358528753,0.5413489736070382,0.5679588441920753,0.4710743801263575,0.4758842443576886,0.4967741935163371,0.0,0.7851239668772625,0.6619718309392977,0.6656626505823595,0.9871794871373,0.0025
95,1.470733066524224,0.4262126020978329,0.5114369501466276,0.5453704074967378,0.49586776855406056,0.6237942121985918,0.5032258064191467,0.027681660898696135,0.7933884296864968,0.5492957746092045,0.3825301204704057,0.9871794871373,0.0025
96,1.4705008284768115,0.4344241170281365,0.5348973607038123,0.5525732389317044,0.3553719007970767,0.5852090031966171,0.4774193548079084,0.07958477508375139,0.8181818181141999,0.5845070422123586,0.5331325301044237,0.9871794871373,0.0025
97,1.4704786421211251,0.4073357580530587,0.5219941348973607,0.5601370765222579,0.49586776855406056,0.401929260437237,0.529032258030385,0.010380622837011052,0.7520661156403251,0.7112676055837135,0.5933734939580309,0.9871794871373,0.0025
98,1.4705504413241886,0.41998885090927907,0.5296187683284458,0.558515110993077,0.4545454545078888,0.3890675241032454,0.6451612902809573,0.0,0.6363636363110443,0.690140845021821,0.6656626505823595,0.9871794871373,0.0025
99,1.4707626384847305,0.4116021602748937,0.513782991202346,0.5550422224162977,0.47933884293559187,0.4823151125246844,0.6064516128640999,0.0,0.7190082644033878,0.690140845021821,0.4759036144434969,0.9871794871373,0.0025
100,1.4705118560074866,0.4204914484309446,0.5331378299120234,0.5588397491658412,0.4049586776524828,0.5755627009461234,0.5354838709331946,0.027681660898696135,0.8181818181141999,0.5915492957329894,0.5301204819117433,0.9871794871373,0.00125
101,1.468619592646335,0.42461870125044915,0.5378299120234604,0.5595630534128221,0.4297520660801858,0.5369774919441486,0.5612903225444329,0.13840830449348068,0.7685950412587939,0.5422535210885737,0.5120481927556612,0.9871794871373,0.00125
102,1.4686333587083111,0.4251406528363021,0.5425219941348973,0.5610815604972156,0.3966942148432484,0.5819935691131192,0.5483870967388137,0.0,0.7603305784495595,0.6056338027742512,0.6084337349214327,0.9871794871373,0.00125
103,1.4686304578494667,0.409030869819921,0.5272727272727272,0.5622622077009878,0.4545454545078888,0.4790996784411865,0.5806451612528616,0.0,0.7603305784495595,0.6760563379805594,0.5602409638385469,0.9871794871373,0.00125
104,1.4685641315314588,0.43618161370503594,0.5173020527859238,0.5442650430159985,0.3966942148432484,0.5852090031966171,0.574193548350052,0.003460207612337017,0.7107438015941534,0.6267605633361436,0.46987951805813616,0.9871794871373,0.00125
105,1.468384845683512,0.43066053871417126,0.5319648093841642,0.5541501875807447,0.3966942148432484,0.588424437280115,0.619354838669719,0.10726643598244752,0.7520661156403251,0.528169014047312,0.4668674698654558,0.9743589743173351,0.00125
106,1.4689415451582144,0.41254762172053994,0.5302052785923753,0.5614029929563946,0.4628099173171232,0.5337620578606507,0.5419354838360041,0.031141868511033153,0.8016528924957312,0.6056338027742512,0.527108433719063,0.9871794871373,0.00125
107,1.4686738207880337,0.4319868384477875,0.510850439882698,0.5435340252155867,0.3471074379878424,0.4855305466081823,0.574193548350052,0.04498269896038122,0.7603305784495595,0.6760563379805594,0.4728915662508165,0.9871794871373,0.00125
108,1.4687727658411438,0.41714284333604235,0.5167155425219941,0.5534150844134226,0.4462809916986545,0.5144694533596633,0.5548387096416233,0.07612456747141437,0.7768595040680282,0.6408450703774052,0.43072289155329146,0.9871794871373,0.00125
109,1.4686010065902309,0.4335671175135926,0.5284457478005865,0.5508540921065306,0.3553719007970767,0.5916398713636128,0.574193548350052,0.027681660898696135,0.7520661156403251,0.612676056294882,0.5060240963703004,0.9871794871373,0.00125
110,1.4690853126057994,0.42920911236772197,0.5161290322580645,0.5467676327401654,0.4628099173171232,0.6077170417811023,0.5548387096416233,0.013840830449348068,0.7355371900218565,0.5845070422123586,0.4277108433606111,0.9871794871373,0.00125
111,1.4687339001811939,0.415643719225188,0.5237536656891496,0.5568771075802901,0.5123966941725292,0.5209003215266591,0.5483870967388137,0.027681660898696135,0.7438016528310908,0.6056338027742512,0.5090361445629809,0.9871794871373,0.00125
112,1.4690058535717903,0.4123667970222898,0.5466275659824047,0.5695352875087452,0.4545454545078888,0.5144694533596633,0.5612903225444329,0.05536332179739227,0.7603305784495595,0.6056338027742512,0.6174698794994737,0.9871794871373,0.00125
113,1.4688621480414208,0.4222236087328445,0.5378299120234604,0.5609571592503767,0.43801652888942016,0.5627009646121318,0.5935483870584807,0.020761245674022103,0.7024793387849191,0.6197183098155128,0.5632530120312274,0.9871794871373,0.00125
114,1.4689054808419697,0.4362917090661737,0.5225806451612903,0.5471489717168198,0.3966942148432484,0.5659163986956297,0.6129032257669095,0.003460207612337017,0.6611570247387474,0.6408450703774052,0.5090361445629809,0.9871794871373,0.00125
115,1.4685273746375895,0.4168512930914885,0.5296187683284458,0.5599558523156037,0.43801652888942016,0.5466237941946424,0.6064516128640999,0.024221453286359117,0.7272727272126221,0.6408450703774052,0.5090361445629809,0.9871794871373,0.00125
116,1.4688255995773105,0.41400328467152786,0.5319648093841642,0.5615575628899627,0.4628099173171232,0.5434083601111445,0.5483870967388137,0.020761245674022103,0.7851239668772625,0.6056338027742512,0.5391566264897845,0.9871794871373,0.00125
117,1.4684870698126744,0.4217589716640924,0.5131964809384164,0.5487743984186664,0.43801652888942016,0.5916398713636128,0.5161290322247658,0.03460207612337017,0.8264462809234342,0.5985915492536202,0.3975903614338075,0.9871794871373,0.00125
118,1.4690255530933862,0.42010918027560573,0.5237536656891496,0.5553926888456835,0.4132231404617171,0.5498392282781402,0.5548387096416233,0.051903114185055256,0.7603305784495595,0.6619718309392977,0.46385542167277544,0.9871794871373,0.00125
119,1.4687839670384184,0.4303530859951322,0.5472140762463343,0.5609677498767385,0.3719008264155454,0.5530546623616381,0.5548387096416233,0.09342560553309946,0.7685950412587939,0.5563380281298353,0.602409638536072,0.9871794871373,0.00125
120,1.468447990053437,0.4288531142968546,0.5026392961876833,0.5412606869405707,0.3884297520340141,0.5627009646121318,0.5483870967388137,0.05536332179739227,0.7685950412587939,0.6760563379805594,0.34337349396556105,0.9871794871373,0.00125
121,1.4682236763652186,0.426405505491957,0.5407624633431085,0.5590666154640327,0.42148760327095147,0.5659163986956297,0.49032258061352757,0.07612456747141437,0.8099173553049656,0.5492957746092045,0.5722891566092684,0.9871794871373,0.00125
122,1.4686918555571231,0.4215582695056175,0.5319648093841642,0.5581478654187912,0.4297520660801858,0.5144694533596633,0.5483870967388137,0.05536332179739227,0.7520661156403251,0.6267605633361436,0.5512048192605059,0.9871794871373,0.00125
123,1.468389318493639,0.422917189926201,0.5413489736070382,0.5616468830060692,0.4297520660801858,0.5691318327791276,0.5354838709331946,0.006920415224674034,0.7355371900218565,0.6267605633361436,0.602409638536072,0.9871794871373,0.00125
124,1.468588416209358,0.42024459950178517,0.5366568914956011,0.5616621586471415,0.4049586776524828,0.5498392282781402,0.5870967741556712,0.038062283735707185,0.7190082644033878,0.6619718309392977,0.5451807228751452,0.9871794871373,0.00125
125,1.4684094033939519,0.4319510305355624,0.5237536656891496,0.54882606831386,0.38016528922477977,0.5627009646121318,0.4645161290022893,0.17301038061685084,0.8429752065419029,0.570422535171097,0.40963855420452894,0.9871794871373,0.00125
126,1.468736279145051,0.42979512650397156,0.5413489736070382,0.5577917645141037,0.4049586776524828,0.5980707395306086,0.4967741935163371,0.09688581314543647,0.8181818181141999,0.5211267605266812,0.5391566264897845,0.9871794871373,0.00125
127,1.4687426018625387,0.43222981025580637,0.533724340175953,0.5539415774344429,0.38016528922477977,0.5916398713636128,0.5548387096416233,0.10380622837011051,0.7685950412587939,0.5633802816504662,0.4819277108288576,0.9871794871373,0.00125
128,1.468266914574166,0.42751064185812154,0.49442815249266864,0.5379818598235473,0.38016528922477977,0.4919614147751781,0.5419354838360041,0.031141868511033153,0.7685950412587939,0.7323943661456059,0.37048192769968424,0.9871794871373,0.00125
129,1.4688157827892947,0.42541202111831367,0.5026392961876833,0.5424717125089158,0.4462809916986545,0.5787781350296213,0.5483870967388137,0.003460207612337017,0.7603305784495595,0.647887323898036,0.36746987950700394,0.9871794871373,0.00125
130,1.4684011288667949,0.4196713183396414,0.5360703812316715,0.560523813015398,0.5041322313632949,0.5337620578606507,0.5483870967388137,0.013840830449348068,0.7190082644033878,0.5845070422123586,0.5933734939580309,0.9871794871373,0.00125
131,1.4683174057508142,0.41722227642917753,0.5202346041055719,0.5547269927390401,0.43801652888942016,0.4565916398567012,0.5419354838360041,0.024221453286359117,0.7603305784495595,0.6830985915011902,0.5421686746824648,0.9914529914106216,0.00125
132,1.468186434279097,0.4133351386308967,0.5390029325513197,0.5651898410951111,0.47933884293559187,0.5176848874431612,0.5483870967388137,0.006920415224674034,0.7438016528310908,0.6267605633361436,0.611445783114113,0.9871794871373,0.00125
133,1.4687168277399114,0.42201728838908986,0.5260997067448681,0.5545607125156926,0.4132231404617171,0.5980707395306086,0.5225806451275754,0.003460207612337017,0.8264462809234342,0.5915492957329894,0.49397590359957905,0.9871794871373,0.00125
134,1.4685450601339043,0.4113609210844563,0.5378299120234604,0.5655290417593642,0.49586776855406056,0.43408360127221596,0.5419354838360041,0.017301038061685085,0.7272727272126221,0.6549295774186669,0.6656626505823595,0.9871794871373,0.00125
135,1.468699741870799,0.4167385126277622,0.5413489736070382,0.5646075790583936,0.5041322313632949,0.5594855305286339,0.5419354838360041,0.051903114185055256,0.7355371900218565,0.570422535171097,0.5662650602239077,0.9871794871373,0.00125
136,1.4686882633142389,0.42190418272014685,0.5325513196480939,0.5581343712073477,0.4297520660801858,0.4887459806916802,0.5806451612528616,0.013840830449348068,0.7438016528310908,0.612676056294882,0.6084337349214327,0.9871794871373,0.00125
137,1.4683771307984639,0.42759631076683663,0.5202346041055719,0.5507119352115416,0.3636363636063111,0.4823151125246844,0.6258064515725286,0.024221453286359117,0.6942148759756848,0.7042253520630827,0.5240963855263826,0.9871794871373,0.00125
138,1.4686306025716331,0.41827917651177193,0.5208211143695015,0.5551761643980239,0.4545454545078888,0.5434083601111445,0.5870967741556712,0.03460207612337017,0.7107438015941534,0.6690140844599285,0.45481927709473435,0.9871794871373,0.00125
139,1.4684951399384214,0.4130280165667027,0.5296187683284458,0.561186089184389,0.43801652888942016,0.4726688102741907,0.5354838709331946,0.017301038061685085,0.7603305784495595,0.6971830985424519,0.5813253011873095,0.9871794871373,0.00125
140,1.4684007798924166,0.410196264162862,0.5260997067448681,0.561333643181668,0.43801652888942016,0.46945337619069283,0.5870967741556712,0.017301038061685085,0.7603305784495595,0.6830985915011902,0.5481927710678255,0.9871794871373,0.00125
141,1.4687511964196407,0.42757621242424476,0.535483870967742,0.5568439915266004,0.4049586776524828,0.5819935691131192,0.5483870967388137,0.048442906572718235,0.7520661156403251,0.5985915492536202,0.5331325301044237,0.9871794871373,0.00125
142,1.468449148875154,0.42752421364814425,0.5325513196480939,0.5554834912593508,0.3884297520340141,0.5466237941946424,0.5419354838360041,0.062283737022066306,0.7685950412587939,0.612676056294882,0.536144578297104,0.9871794871373,0.00125
143,1.4682288601043376,0.4310110773049495,0.5260997067448681,0.5513101310915716,0.3966942148432484,0.5948553054471107,0.619354838669719,0.05536332179739227,0.7272727272126221,0.5774647886917278,0.4608433734800951,0.9786324785906567,0.00125
144,1.4682611538859571,0.41802063137374196,0.5436950146627566,0.5650761064635016,0.49586776855406056,0.5112540192761654,0.5419354838360041,0.08304498269608841,0.7355371900218565,0.5633802816504662,0.602409638536072,0.9871794871373,0.00125
145,1.468444445703146,0.4087927316893576,0.5343108504398827,0.5653638882023424,0.5454545454094666,0.5144694533596633,0.574193548350052,0.020761245674022103,0.7190082644033878,0.5985915492536202,0.5632530120312274,0.9871794871373,0.00125
146,1.46843305994781,0.4298673767519373,0.5366568914956011,0.5568099204979206,0.3884297520340141,0.5016077170256718,0.574193548350052,0.16955017300451383,0.7520661156403251,0.5633802816504662,0.5180722891410219,0.9871794871373,0.00125
147,1.4687758035146548,0.4150101197578046,0.5260997067448681,0.5586591981020923,0.4710743801263575,0.5466237941946424,0.5548387096416233,0.0,0.7355371900218565,0.6619718309392977,0.5120481927556612,0.9871794871373,0.00125
148,1.468503062656436,0.4095100283757678,0.5284457478005865,0.5620950068549223,0.5206611569817635,0.44051446943921174,0.529032258030385,0.0,0.7107438015941534,0.6971830985424519,0.611445783114113,0.9871794871373,0.00125
149,1.4683009987331004,0.4188710078038167,0.5425219941348973,0.5639584777423889,0.43801652888942016,0.5787781350296213,0.5225806451275754,0.04498269896038122,0.7933884296864968,0.5774647886917278,0.5692771084165881,0.9871794871373,0.00125
150,1.468241183122198,0.44638897625572577,0.5348973607038123,0.5472399835936252,0.3057851239416707,0.5305466237771528,0.5612903225444329,0.027681660898696135,0.7272727272126221,0.6056338027742512,0.6325301204628756,0.9871794871373,0.000625
151,1.4676918042019402,0.42700182225295186,0.5372434017595308,0.5578650294698402,0.3966942148432484,0.5948553054471107,0.5419354838360041,0.08650519030842542,0.7933884296864968,0.5563380281298353,0.5060240963703004,0.9871794871373,0.000625
152,1.4676181421112806,0.4170886137844874,0.5278592375366569,0.5585456889293867,0.4545454545078888,0.5369774919441486,0.5612903225444329,0.06920415224674034,0.7685950412587939,0.6056338027742512,0.48493975902153796,0.9871794871373,0.000625
153,1.467509636443309,0.4078254787237962,0.535483870967742,0.5670142553442681,0.4628099173171232,0.5144694533596633,0.6064516128640999,0.031141868511033153,0.7520661156403251,0.6338028168567744,0.5481927710678255,0.9871794871373,0.000625
154,1.4677064920098373,0.4285702588121712,0.5260997067448681,0.5524441942600904,0.3636363636063111,0.5627009646121318,0.6064516128640999,0.006920415224674034,0.7438016528310908,0.6338028168567744,0.5150602409483416,0.9871794871373,0.000625
155,1.4675897979020178,0.4182477984354969,0.535483870967742,0.5612511519787725,0.4628099173171232,0.5401929260276466,0.5483870967388137,0.013840830449348068,0.7355371900218565,0.6267605633361436,0.5753012048019488,0.9871794871373,0.000625
156,1.4676119545672803,0.41261227520235233,0.5343108504398827,0.563778590739701,0.4628099173171232,0.4919614147751781,0.5548387096416233,0.048442906572718235,0.7438016528310908,0.6549295774186669,0.5662650602239077,0.9871794871373,0.000625
157,1.4675687885702178,0.4072267524296558,0.5284457478005865,0.563801327389817,0.4628099173171232,0.5048231511091696,0.5870967741556712,0.0,0.7603305784495595,0.6690140844599285,0.5391566264897845,0.9871794871373,0.000625
158,1.467605271685556,0.414901729737185,0.5202346041055719,0.5556355878117091,0.4462809916986545,0.44372990352270963,0.5483870967388137,0.010380622837011052,0.7768595040680282,0.6690140844599285,0.5632530120312274,0.9871794871373,0.000625
159,1.4675277750542823,0.4102800999940608,0.5278592375366569,0.5617894123840713,0.4545454545078888,0.5080385851926675,0.5548387096416233,0.020761245674022103,0.7768595040680282,0.6619718309392977,0.5301204819117433,0.9871794871373,0.000625
160,1.4674870124895671,0.41801247696467037,0.5366568914956011,0.5617832000056018,0.43801652888942016,0.588424437280115,0.5419354838360041,0.027681660898696135,0.7933884296864968,0.5845070422123586,0.5331325301044237,0.9871794871373,0.000625
161,1.4677302303242594,0.4188799728373041,0.5260997067448681,0.556588271897331,0.4710743801263575,0.5627009646121318,0.5548387096416233,0.010380622837011052,0.7438016528310908,0.6197183098155128,0.5030120481776201,0.9871794871373,0.000625
162,1.4676894328471866,0.4229467046864678,0.5348973607038123,0.5590448172077073,0.4132231404617171,0.5305466237771528,0.5677419354472424,0.038062283735707185,0.7355371900218565,0.6338028168567744,0.5662650602239077,0.9871794871373,0.000625
163,1.4674851054393305,0.4294672551288339,0.5155425219941349,0.5468745471630936,0.3884297520340141,0.5787781350296213,0.5677419354472424,0.051903114185055256,0.7685950412587939,0.6197183098155128,0.4126506023972093,0.9871794871373,0.000625
164,1.4677220994748819,0.42405506916182617,0.5436950146627566,0.5623034723244076,0.4049586776524828,0.5819935691131192,0.5354838709331946,0.041522491348044206,0.7603305784495595,0.6056338027742512,0.5813253011873095,0.9871794871373,0.000625
165,1.4677439904183112,0.4134405550518164,0.5331378299120234,0.5628369749364652,0.4545454545078888,0.5080385851926675,0.5677419354472424,0.038062283735707185,0.7520661156403251,0.6408450703774052,0.5542168674531862,0.9871794871373,0.000625
166,1.4675570889020593,0.41278140375646993,0.5173020527859238,0.5557421596444954,0.4462809916986545,0.4598070739401991,0.574193548350052,0.006920415224674034,0.7603305784495595,0.690140845021821,0.5210843373337023,0.9871794871373,0.000625
167,1.4676832011405458,0.4173699034515031,0.533724340175953,0.5612890653676611,0.43801652888942016,0.524115755610157,0.5677419354472424,0.020761245674022103,0.7272727272126221,0.6619718309392977,0.5632530120312274,0.9871794871373,0.000625
168,1.4677408062322566,0.4179219168385639,0.5319648093841642,0.5598345485012515,0.43801652888942016,0.5080385851926675,0.5419354838360041,0.024221453286359117,0.7520661156403251,0.6549295774186669,0.5722891566092684,0.9871794871373,0.000625
169,1.4675427609600025,0.4206947713668238,0.5266862170087977,0.5561781037141232,0.4049586776524828,0.524115755610157,0.574193548350052,0.010380622837011052,0.7685950412587939,0.6408450703774052,0.5391566264897845,0.9871794871373,0.000625
170,1.467556679950041,0.4113143905612284,0.5302052785923753,0.5626567577527835,0.4628099173171232,0.5080385851926675,0.574193548350052,0.04498269896038122,0.7520661156403251,0.647887323898036,0.5240963855263826,0.9871794871373,0.000625
171,1.467458899388176,0.409245067327568,0.5284457478005865,0.5626132301092819,0.4710743801263575,0.5434083601111445,0.5548387096416233,0.0,0.7603305784495595,0.6690140844599285,0.5150602409483416,0.9871794871373,0.000625
172,1.4675679165072675,0.42670835322898015,0.5284457478005865,0.554079326297768,0.3966942148432484,0.5369774919441486,0.5548387096416233,0.058823529409729285,0.7603305784495595,0.6197183098155128,0.5180722891410219,0.9871794871373,0.000625
173,1.4675363946766669,0.4194872339686427,0.5343108504398827,0.560203760420932,0.4545454545078888,0.556270096445136,0.5483870967388137,0.062283737022066306,0.7603305784495595,0.5915492957329894,0.5210843373337023,0.9871794871373,0.000625
174,1.4675604316857043,0.41060067438641346,0.533724340175953,0.5642265759272533,0.4545454545078888,0.49839228294217386,0.5419354838360041,0.027681660898696135,0.7768595040680282,0.6549295774186669,0.5722891566092684,0.9871794871373,0.000625
175,1.467529588258908,0.42228747460836075,0.5390029325513197,0.5613621020032231,0.42148760327095147,0.5627009646121318,0.5870967741556712,0.038062283735707185,0.7355371900218565,0.5985915492536202,0.5602409638385469,0.9871794871373,0.000625
176,1.467479755045923,0.4223709905204913,0.5366568914956011,0.5602911969504019,0.43801652888942016,0.556270096445136,0.5935483870584807,0.041522491348044206,0.7190082644033878,0.5985915492536202,0.5481927710678255,0.9871794871373,0.000625
177,1.4673955974650472,0.416244655074266,0.5302052785923753,0.5598959546131642,0.4628099173171232,0.5048231511091696,0.5419354838360041,0.027681660898696135,0.7355371900218565,0.6619718309392977,0.5572289156458666,0.9871794871373,0.000625
178,1.4674917264038392,0.4239247231237898,0.5372434017595308,0.5593120768456376,0.42148760327095147,0.5498392282781402,0.5483870967388137,0.03460207612337017,0.7520661156403251,0.6056338027742512,0.5753012048019488,0.9871794871373,0.000625
179,1.4675292425668882,0.4333900509000283,0.5278592375366569,0.5504884017541607,0.3884297520340141,0.6334405144490854,0.5612903225444329,0.04498269896038122,0.7603305784495595,0.570422535171097,0.4578313252874147,0.9871794871373,0.000625
180,1.467738700151742,0.41616722436833664,0.5325513196480939,0.5611930273684154,0.4710743801263575,0.5530546623616381,0.5677419354472424,0.031141868511033153,0.7355371900218565,0.6197183098155128,0.5240963855263826,0.9871794871373,0.000625
181,1.467540701578496,0.42580292588804863,0.5313782991202346,0.5555976666908206,0.3966942148432484,0.5401929260276466,0.5483870967388137,0.020761245674022103,0.7685950412587939,0.6197183098155128,0.5632530120312274,0.9871794871373,0.000625
182,1.4675254647215557,0.41574721371190426,0.5296187683284458,0.559948846151947,0.4297520660801858,0.5209003215266591,0.574193548350052,0.006920415224674034,0.7685950412587939,0.6408450703774052,0.5512048192605059,0.9871794871373,0.000625
183,1.4674790748517414,0.43068092409730935,0.5331378299120234,0.5541170760712915,0.4049586776524828,0.6012861736141065,0.5483870967388137,0.06920415224674034,0.7685950412587939,0.5563380281298353,0.4969879517922594,0.9871794871373,0.000625
184,1.4676138217816215,0.41275849003761894,0.5249266862170088,0.5590699281502827,0.4462809916986545,0.4758842443576886,0.5483870967388137,0.020761245674022103,0.7768595040680282,0.6690140844599285,0.5481927710678255,0.9871794871373,0.000625
185,1.4676751890528634,0.405840965286323,0.5313782991202346,0.5657783704987026,0.4628099173171232,0.5112540192761654,0.5806451612528616,0.010380622837011052,0.7768595040680282,0.6549295774186669,0.5421686746824648,0.9871794871373,0.000625
186,1.4676318025409951,0.4199075878312241,0.5313782991202346,0.5585552532387206,0.4545454545078888,0.5434083601111445,0.5483870967388137,0.051903114185055256,0.7603305784495595,0.5985915492536202,0.5240963855263826,0.9871794871373,0.000625
187,1.4675311047084938,0.40915212446438515,0.5378299120234604,0.5672483102722129,0.4545454545078888,0.5080385851926675,0.5677419354472424,0.031141868511033153,0.7520661156403251,0.6619718309392977,0.5753012048019488,0.9871794871373,0.000625
188,1.4674324617815555,0.4129503978089297,0.5219941348973607,0.5578100931325558,0.4628099173171232,0.4469453376062075,0.5806451612528616,0.0,0.7355371900218565,0.6830985915011902,0.5662650602239077,0.9871794871373,0.000625
189,1.4676436096317926,0.41814022727278155,0.5378299120234604,0.5622774575673576,0.4545454545078888,0.5112540192761654,0.5419354838360041,0.058823529409729285,0.7685950412587939,0.5915492957329894,0.5843373493799898,0.9871794871373,0.000625
190,1.4675017287943033,0.4246138806196866,0.5302052785923753,0.555541942775881,0.4297520660801858,0.5401929260276466,0.5483870967388137,0.013840830449348068,0.7520661156403251,0.612676056294882,0.5602409638385469,0.9871794871373,0.000625
191,1.467360125763694,0.4176455004323492,0.5372434017595308,0.5628439112990692,0.4628099173171232,0.5627009646121318,0.5870967741556712,0.058823529409729285,0.7355371900218565,0.5845070422123586,0.5240963855263826,0.9871794871373,0.000625
192,1.4675381179148324,0.4174224998614758,0.52316715542522,0.5566740273818841,0.4297520660801858,0.556270096445136,0.6064516128640999,0.010380622837011052,0.7355371900218565,0.6549295774186669,0.4728915662508165,0.9871794871373,0.000625
193,1.4675170202577517,0.41257525046867816,0.5290322580645161,0.5611934931841128,0.4545454545078888,0.524115755610157,0.5677419354472424,0.010380622837011052,0.7685950412587939,0.6408450703774052,0.536144578297104,0.9871794871373,0.000625
194,1.4676358044818882,0.40825965462135944,0.5343108504398827,0.5661751747034343,0.4545454545078888,0.5016077170256718,0.5806451612528616,0.04498269896038122,0.7603305784495595,0.6549295774186669,0.5451807228751452,0.9871794871373,0.000625
195,1.4674741957751622,0.4100445712678339,0.530791788856305,0.5635773426193904,0.4545454545078888,0.5112540192761654,0.574193548350052,0.024221453286359117,0.7520661156403251,0.6690140844599285,0.536144578297104,0.9871794871373,0.000625
196,1.4673188605505474,0.41681516680815683,0.5302052785923753,0.559564656863947,0.4710743801263575,0.5305466237771528,0.5677419354472424,0.003460207612337017,0.7355371900218565,0.6267605633361436,0.5542168674531862,0.9871794871373,0.000625
197,1.4673628446008447,0.4148622260573559,0.5290322580645161,0.5605037421485961,0.4545454545078888,0.5048231511091696,0.5870967741556712,0.038062283735707185,0.7272727272126221,0.6549295774186669,0.5301204819117433,0.9871794871373,0.000625
198,1.4675708310923379,0.4179744310269502,0.533724340175953,0.5602038338395681,0.49586776855406056,0.5112540192761654,0.5354838709331946,0.017301038061685085,0.7355371900218565,0.6056338027742512,0.5933734939580309,0.9871794871373,0.000625
199,1.4674698172582403,0.42669691485650096,0.5296187683284458,0.5546409898601706,0.4049586776524828,0.6012861736141065,0.574193548350052,0.041522491348044206,0.7685950412587939,0.5774647886917278,0.4819277108288576,0.9871794871373,0.000625
200,1.4674669483277913,0.4126459626240687,0.530791788856305,0.5619183499654157,0.4710743801263575,0.5048231511091696,0.5483870967388137,0.0,0.7355371900218565,0.6760563379805594,0.5722891566092684,0.9871794871373,0.0003125
