epoch,train_loss,val_fitness,val_acc,val_bal_acc,val_recall_0,val_recall_1,val_recall_2,val_recall_3,lr
1,1.3762987533281015,0.6731241806365417,0.44936708860759494,0.41779014916605617,0.6478873238524103,0.611111110771605,0.249999999921875,0.16216216211833454,0.005
2,1.3059662428013115,0.5964607654623524,0.5126582278481012,0.43391377721594737,0.6901408449732197,0.2777777776234568,0.28124999991210936,0.48648648635500363,0.005
3,1.2804840872454089,0.647397617796694,0.4936708860759494,0.4143043790876715,0.7183098590537592,0.3333333331481481,0.28124999991210936,0.32432432423666907,0.005
4,1.2677860343179037,0.5745114834427335,0.5189873417721519,0.44998255284935534,0.6760563379329498,0.3333333331481481,0.249999999921875,0.5405405403944485,0.005
5,1.2615770794624506,0.5566036989011263,0.5443037974683544,0.46519120339923237,0.7183098590537592,0.3333333331481481,0.18749999994140626,0.6216216214536158,0.005
6,1.2559047937393188,0.6376402371821994,0.4810126582278481,0.41551840120338596,0.6760563379329498,0.3888888886728395,0.21874999993164063,0.3783783782761139,0.005
7,1.2513749225195063,0.6253936155634917,0.4873417721518987,0.4212194147156886,0.6760563379329498,0.3888888886728395,0.18749999994140626,0.4324324323155588,0.005
8,1.247148078541423,0.547981828800401,0.5316455696202531,0.4745931008838171,0.6760563379329498,0.4444444441975308,0.15624999995117186,0.6216216214536158,0.005
9,1.244848529959834,0.5949389091061276,0.5189873417721519,0.4492612109041104,0.7183098590537592,0.4444444441975308,0.09374999997070313,0.5405405403944485,0.005
10,1.241868019104004,0.5050662459726861,0.5632911392405063,0.49906486577999276,0.6901408449732197,0.3888888886728395,0.18749999994140626,0.7297297295325055,0.005
11,1.239184322745301,0.5573294686906797,0.5189873417721519,0.46220373088356304,0.6619718308926801,0.4444444441975308,0.09374999997070313,0.6486486484733381,0.005
12,1.2345966045246568,0.5371710179925121,0.5379746835443038,0.4813498576387477,0.6760563379329498,0.4444444441975308,0.15624999995117186,0.6486486484733381,0.005
13,1.2334549274555473,0.5721160863021525,0.5316455696202531,0.49130325291894056,0.7183098590537592,0.6666666662962962,0.09374999997070313,0.48648648635500363,0.005
14,1.229296253171078,0.5907135569940466,0.5379746835443038,0.4598245911843128,0.7605633801745686,0.4444444441975308,0.09374999997070313,0.5405405403944485,0.005
15,1.2270290213961934,0.6146609198509466,0.5379746835443038,0.47184056841758293,0.7887323942551082,0.5555555552469136,0.21874999993164063,0.32432432423666907,0.005
16,1.2242560733196348,0.58596664459746,0.5379746835443038,0.4839854157265612,0.7323943660940291,0.4999999997222222,0.4062499998730469,0.29729729721694664,0.005
17,1.2221103712569836,0.5825445164926171,0.5063291139240507,0.4779480182821658,0.6760563379329498,0.7222222218209876,0.0,0.5135135133747261,0.005
18,1.2218093303746955,0.6163149506384396,0.5189873417721519,0.45203356952588236,0.7464788731342988,0.4999999997222222,0.15624999995117186,0.40540540529583635,0.005
19,1.2174775780633438,0.6527068002197431,0.5,0.4171725641694732,0.7605633801745686,0.4444444441975308,0.031249999990234374,0.4324324323155588,0.005
20,1.218069459116736,0.6107789569109947,0.5126582278481012,0.47281799830027194,0.7323943660940291,0.7222222218209876,0.031249999990234374,0.40540540529583635,0.005
21,1.2178714316944743,0.5930979836737833,0.5379746835443038,0.4643740349939576,0.7464788731342988,0.3888888886728395,0.3437499998925781,0.3783783782761139,0.005
22,1.2186995730843655,0.6444399506296505,0.5,0.4285960695332065,0.7464788731342988,0.4999999997222222,0.06249999998046875,0.40540540529583635,0.005
23,1.2143516887065977,0.6132290742651592,0.5126582278481012,0.44065103823607754,0.7183098590537592,0.3888888886728395,0.249999999921875,0.40540540529583635,0.005
24,1.2145894474761432,0.5801483262696236,0.5316455696202531,0.4502954758076103,0.7323943660940291,0.3888888886728395,0.031249999990234374,0.6486486484733381,0.005
25,1.214811544085658,0.5586564999519907,0.5632911392405063,0.5024296962713013,0.7605633801745686,0.4999999997222222,0.3437499998925781,0.40540540529583635,0.005
26,1.2184302321700162,0.6228730492274559,0.5253164556962026,0.4512633230484586,0.7746478872148383,0.4999999997222222,0.1249999999609375,0.40540540529583635,0.005
27,1.214075110679449,0.6139235187228896,0.5063291139240507,0.4632204826565901,0.7183098590537592,0.6666666662962962,0.06249999998046875,0.40540540529583635,0.005
28,1.2133919665979784,0.5760527694556877,0.569620253164557,0.4994795630416424,0.802816901295378,0.4999999997222222,0.3437499998925781,0.3513513512563915,0.005
29,1.2144748194273127,0.5655963182807723,0.5189873417721519,0.45078022551982966,0.6760563379329498,0.3888888886728395,0.06249999998046875,0.6756756754930606,0.005
30,1.2129267662070518,0.5796337712209312,0.5253164556962026,0.4481565631293037,0.7042253520134895,0.3333333331481481,0.18749999994140626,0.5675675674141709,0.005
31,1.2134242445923562,0.5936556275975553,0.5,0.46405912940099303,0.6760563379329498,0.6666666662962962,0.0,0.5135135133747261,0.005
32,1.211229870485705,0.5794702714578402,0.5569620253164557,0.47817304526902304,0.7746478872148383,0.3888888886728395,0.3437499998925781,0.40540540529583635,0.005
33,1.2125516353651535,0.5963747199169462,0.5189873417721519,0.45031695414673834,0.7183098590537592,0.4444444441975308,0.1249999999609375,0.5135135133747261,0.005
34,1.209563926208851,0.5606655512501163,0.5569620253164557,0.4846443052587494,0.7464788731342988,0.3888888886728395,0.3437499998925781,0.4594594593352812,0.005
35,1.2107913667379424,0.6382095124444751,0.5,0.4268110538870834,0.7323943660940291,0.4444444441975308,0.1249999999609375,0.40540540529583635,0.005
36,1.210893978213155,0.6225727489304067,0.5253164556962026,0.4583954551747008,0.7746478872148383,0.5555555552469136,0.1249999999609375,0.3783783782761139,0.005
37,1.2114576267641644,0.6045211586190277,0.5063291139240507,0.4664561126514533,0.7042253520134895,0.6666666662962962,0.06249999998046875,0.4324324323155588,0.005
38,1.210348972054415,0.5852362487052163,0.5189873417721519,0.4596289730252159,0.7042253520134895,0.4999999997222222,0.09374999997070313,0.5405405403944485,0.005
39,1.209094597849735,0.604150409340107,0.5443037974683544,0.4714651930462712,0.7887323942551082,0.4999999997222222,0.21874999993164063,0.3783783782761139,0.005
40,1.2109690059063047,0.6152341603382536,0.5316455696202531,0.45299943416240296,0.7746478872148383,0.4444444441975308,0.18749999994140626,0.40540540529583635,0.005
41,1.208392245824947,0.5981108310248142,0.5189873417721519,0.44424056526312417,0.7183098590537592,0.3888888886728395,0.15624999995117186,0.5135135133747261,0.005
42,1.2094429717507473,0.5981929113451893,0.5379746835443038,0.45797117527121045,0.7605633801745686,0.3888888886728395,0.249999999921875,0.4324324323155588,0.005
43,1.2099182869112768,0.6095769626403851,0.5253164556962026,0.43237328426109994,0.7464788731342988,0.2777777776234568,0.21874999993164063,0.48648648635500363,0.005
44,1.208753903244817,0.6020319176148147,0.5253164556962026,0.47094310404804146,0.7464788731342988,0.611111110771605,0.09374999997070313,0.4324324323155588,0.005
45,1.210998396540797,0.606967310748161,0.5316455696202531,0.46442293952613634,0.7605633801745686,0.4999999997222222,0.21874999993164063,0.3783783782761139,0.005
46,1.2095367478769878,0.5890634914315849,0.5316455696202531,0.44949780313713594,0.7323943660940291,0.3333333331481481,0.21874999993164063,0.5135135133747261,0.005
47,1.207082020681958,0.6125424281256544,0.5189873417721519,0.471318479419353,0.7464788731342988,0.6666666662962962,0.09374999997070313,0.3783783782761139,0.005
48,1.209339322045792,0.6160146503413904,0.5189873417721519,0.45916570165212456,0.7464788731342988,0.5555555552469136,0.15624999995117186,0.3783783782761139,0.005
49,1.2066895448884298,0.5985636606241099,0.5,0.45296209487639255,0.6760563379329498,0.5555555552469136,0.09374999997070313,0.48648648635500363,0.005
50,1.209525772305422,0.608375761452188,0.5253164556962026,0.4609018127660689,0.7464788731342988,0.4999999997222222,0.21874999993164063,0.3783783782761139,0.0025
51,1.2065457563067592,0.5873273803237169,0.5316455696202531,0.4555741920207502,0.7323943660940291,0.3888888886728395,0.18749999994140626,0.5135135133747261,0.0025
52,1.2045069725014443,0.6382368725512668,0.5063291139240507,0.43138792388977887,0.7464788731342988,0.4444444441975308,0.15624999995117186,0.3783783782761139,0.0025
53,1.2046930637470512,0.6179689814259325,0.5,0.43222657063418174,0.7042253520134895,0.4444444441975308,0.09374999997070313,0.48648648635500363,0.0025
54,1.2057164644086085,0.6114342777186766,0.5253164556962026,0.46770747405317825,0.7605633801745686,0.611111110771605,0.09374999997070313,0.40540540529583635,0.0025
55,1.2043315477149432,0.5912211068069257,0.5316455696202531,0.47769986080297205,0.7464788731342988,0.611111110771605,0.09374999997070313,0.4594594593352812,0.0025
56,1.204674877399622,0.6086487016424456,0.5189873417721519,0.44919281063713123,0.7323943660940291,0.4444444441975308,0.18749999994140626,0.4324324323155588,0.0025
57,1.2031886924144835,0.6236261791238009,0.5063291139240507,0.45285272053548475,0.7323943660940291,0.611111110771605,0.06249999998046875,0.40540540529583635,0.0025
58,1.2045147252637287,0.604395989423573,0.5316455696202531,0.45517932091463814,0.7605633801745686,0.4444444441975308,0.15624999995117186,0.4594594593352812,0.0025
59,1.204740861127543,0.6166152509354889,0.5189873417721519,0.4449014373996401,0.7464788731342988,0.4444444441975308,0.15624999995117186,0.4324324323155588,0.0025
60,1.2053242797075316,0.6273987016365862,0.5063291139240507,0.43356781064201405,0.7323943660940291,0.4444444441975308,0.1249999999609375,0.4324324323155588,0.0025
61,1.2045758325000142,0.6100297922396809,0.5063291139240507,0.44109481387436833,0.7042253520134895,0.4444444441975308,0.15624999995117186,0.4594594593352812,0.0025
62,1.2053349953751231,0.6058318002343915,0.5316455696202531,0.4562350641572661,0.7605633801745686,0.4444444441975308,0.18749999994140626,0.4324324323155588,0.0025
63,1.204274524089902,0.6134433290168022,0.5189873417721519,0.44992208304062636,0.7464788731342988,0.4999999997222222,0.09374999997070313,0.4594594593352812,0.0025
64,1.2035384344500164,0.6086213415356538,0.5126582278481012,0.44461594063443577,0.7183098590537592,0.4444444441975308,0.15624999995117186,0.4594594593352812,0.0025
65,1.204143930313199,0.6072402509384186,0.5253164556962026,0.4527139373971987,0.7464788731342988,0.4444444441975308,0.18749999994140626,0.4324324323155588,0.0025
66,1.2050789858019628,0.6072128908316269,0.5189873417721519,0.44813706739450326,0.7323943660940291,0.4444444441975308,0.15624999995117186,0.4594594593352812,0.0025
67,1.2049585733302803,0.6052038395335013,0.5253164556962026,0.46592245840705515,0.7464788731342988,0.5555555552469136,0.15624999995117186,0.40540540529583635,0.0025
68,1.204621434211731,0.6052038395335013,0.5253164556962026,0.46592245840705515,0.7464788731342988,0.5555555552469136,0.15624999995117186,0.40540540529583635,0.0025
69,1.2040344740069189,0.5964294401305296,0.5316455696202531,0.45947069415212927,0.7464788731342988,0.4444444441975308,0.18749999994140626,0.4594594593352812,0.0025
70,1.2050781624261724,0.6034677284256333,0.5253164556962026,0.47199884729066943,0.7464788731342988,0.611111110771605,0.1249999999609375,0.40540540529583635,0.0025
71,1.2039495027342508,0.6020319176148147,0.5253164556962026,0.47094310404804146,0.7464788731342988,0.611111110771605,0.09374999997070313,0.4324324323155588,0.0025
72,1.2044079775033996,0.6131703888265446,0.5253164556962026,0.46163108516956397,0.7605633801745686,0.5555555552469136,0.1249999999609375,0.40540540529583635,0.0025
73,1.2043172911156055,0.6239538395276419,0.5126582278481012,0.450297458411938,0.7464788731342988,0.5555555552469136,0.09374999997070313,0.40540540529583635,0.0025
74,1.2041882623073668,0.6131430287197529,0.5189873417721519,0.4570542151668686,0.7464788731342988,0.5555555552469136,0.09374999997070313,0.4324324323155588,0.0025
75,1.2046690458475158,0.5923839774274868,0.5379746835443038,0.49046460617453763,0.7605633801745686,0.6666666662962962,0.15624999995117186,0.3783783782761139,0.0025
76,1.2037662738977477,0.6072402509384186,0.5253164556962026,0.4527139373971987,0.7464788731342988,0.4444444441975308,0.18749999994140626,0.4324324323155588,0.0025
77,1.2034408172895743,0.6062299096201039,0.5,0.4558028537651437,0.6901408449732197,0.611111110771605,0.06249999998046875,0.4594594593352812,0.0025
78,1.2033741280089978,0.5858642094061066,0.5253164556962026,0.4499415787754268,0.7183098590537592,0.3888888886728395,0.1249999999609375,0.5675675674141709,0.0025
79,1.2042790575082911,0.5958014794296393,0.5253164556962026,0.46915808840191836,0.7323943660940291,0.5555555552469136,0.15624999995117186,0.4324324323155588,0.0025
80,1.204436554465183,0.6165878908286972,0.5126582278481012,0.44032456739694464,0.7323943660940291,0.4444444441975308,0.1249999999609375,0.4594594593352812,0.0025
81,1.2049593800722167,0.6354199711432129,0.5189873417721519,0.43843017740991375,0.7746478872148383,0.4444444441975308,0.15624999995117186,0.3783783782761139,0.0025
82,1.2045800581920978,0.5943656686188207,0.5253164556962026,0.46810234515929033,0.7323943660940291,0.5555555552469136,0.1249999999609375,0.4594594593352812,0.0025
83,1.2036024664723597,0.6125424281256544,0.5189873417721519,0.471318479419353,0.7464788731342988,0.6666666662962962,0.09374999997070313,0.3783783782761139,0.0025
84,1.2031198227128317,0.581791386596272,0.5253164556962026,0.4763586207951398,0.7183098590537592,0.611111110771605,0.06249999998046875,0.5135135133747261,0.0025
85,1.2047779435335204,0.6020319176148147,0.5253164556962026,0.47094310404804146,0.7464788731342988,0.611111110771605,0.09374999997070313,0.4324324323155588,0.0025
86,1.20423431590546,0.5957741193228476,0.5189873417721519,0.46458121839922284,0.7183098590537592,0.5555555552469136,0.1249999999609375,0.4594594593352812,0.0025
87,1.2045666519985643,0.5936125387224757,0.5443037974683544,0.46651294767226414,0.7746478872148383,0.4444444441975308,0.18749999994140626,0.4594594593352812,0.0025
88,1.2041483341261399,0.6197324526405922,0.5063291139240507,0.430727051753263,0.7183098590537592,0.3888888886728395,0.15624999995117186,0.4594594593352812,0.0025
89,1.2042458916819372,0.6072128908316269,0.5189873417721519,0.44813706739450326,0.7323943660940291,0.4444444441975308,0.15624999995117186,0.4594594593352812,0.0025
90,1.204769609972488,0.5950483495332943,0.5443037974683544,0.46756869091489217,0.7746478872148383,0.4444444441975308,0.21874999993164063,0.4324324323155588,0.0025
91,1.2041413728580919,0.6086487016424456,0.5189873417721519,0.44919281063713123,0.7323943660940291,0.4444444441975308,0.18749999994140626,0.4324324323155588,0.0025
92,1.2042931429175443,0.5958014794296393,0.5253164556962026,0.46915808840191836,0.7323943660940291,0.5555555552469136,0.15624999995117186,0.4324324323155588,0.0025
93,1.2042904634808385,0.6245818002285322,0.5189873417721519,0.44061006416214893,0.7605633801745686,0.4444444441975308,0.1249999999609375,0.4324324323155588,0.0025
94,1.203258363313453,0.6123625387166163,0.5316455696202531,0.45088794767714696,0.7746478872148383,0.4444444441975308,0.1249999999609375,0.4594594593352812,0.0025
95,1.2031510798043983,0.6354199711432129,0.5189873417721519,0.43843017740991375,0.7746478872148383,0.4444444441975308,0.15624999995117186,0.3783783782761139,0.0025
96,1.204143906748572,0.600596106803996,0.5253164556962026,0.46988736080541343,0.7464788731342988,0.611111110771605,0.06249999998046875,0.4594594593352812,0.0025
97,1.204612442227297,0.596827549516242,0.5,0.4590384837600068,0.6760563379329498,0.611111110771605,0.06249999998046875,0.48648648635500363,0.0025
98,1.203896282717239,0.6002958065069467,0.5253164556962026,0.47701949293165563,0.7464788731342988,0.6666666662962962,0.06249999998046875,0.4324324323155588,0.0025
99,1.2044088022653447,0.5909208065098764,0.5316455696202531,0.48483199292921425,0.7464788731342988,0.6666666662962962,0.09374999997070313,0.4324324323155588,0.0025
100,1.203394701314527,0.5740977774934863,0.5189873417721519,0.4689409919036932,0.6901408449732197,0.5555555552469136,0.06249999998046875,0.5675675674141709,0.00125
101,1.2026766801989355,0.5943656686188207,0.5253164556962026,0.46810234515929033,0.7323943660940291,0.5555555552469136,0.1249999999609375,0.4594594593352812,0.00125
102,1.201836203419885,0.6125424281256544,0.5189873417721519,0.471318479419353,0.7464788731342988,0.6666666662962962,0.09374999997070313,0.3783783782761139,0.00125
103,1.202622372050618,0.6051764794267096,0.5189873417721519,0.46134558840435974,0.7323943660940291,0.5555555552469136,0.1249999999609375,0.4324324323155588,0.00125
104,1.2020021399786307,0.6037680287226826,0.5253164556962026,0.4648667151644272,0.7464788731342988,0.5555555552469136,0.1249999999609375,0.4324324323155588,0.00125
105,1.2022938963978789,0.5835548578109317,0.5316455696202531,0.4748591019142209,0.7323943660940291,0.5555555552469136,0.1249999999609375,0.48648648635500363,0.00125
106,1.2011093330937763,0.6037680287226826,0.5253164556962026,0.4648667151644272,0.7464788731342988,0.5555555552469136,0.1249999999609375,0.4324324323155588,0.00125
107,1.2013252807217976,0.6037680287226826,0.5253164556962026,0.4648667151644272,0.7464788731342988,0.5555555552469136,0.1249999999609375,0.4324324323155588,0.00125
108,1.2018297799797946,0.5741798578138614,0.5379746835443038,0.48267160191177955,0.7323943660940291,0.5555555552469136,0.15624999995117186,0.48648648635500363,0.00125
109,1.2023119995760363,0.5741798578138614,0.5379746835443038,0.48267160191177955,0.7323943660940291,0.5555555552469136,0.15624999995117186,0.48648648635500363,0.00125
110,1.2023302871127461,0.6131430287197529,0.5189873417721519,0.4570542151668686,0.7464788731342988,0.5555555552469136,0.09374999997070313,0.4324324323155588,0.00125
111,1.2022626691086347,0.6051764794267096,0.5189873417721519,0.46134558840435974,0.7323943660940291,0.5555555552469136,0.1249999999609375,0.4324324323155588,0.00125
112,1.2019604298957558,0.5835548578109317,0.5316455696202531,0.4748591019142209,0.7323943660940291,0.5555555552469136,0.1249999999609375,0.48648648635500363,0.00125
113,1.2014762634454772,0.6052038395335013,0.5253164556962026,0.46592245840705515,0.7464788731342988,0.5555555552469136,0.15624999995117186,0.40540540529583635,0.00125
114,1.2027060881603595,0.6137709894206432,0.5253164556962026,0.4473668209170795,0.7605633801745686,0.4444444441975308,0.1249999999609375,0.4594594593352812,0.00125
115,1.2013501843740775,0.5943656686188207,0.5253164556962026,0.46810234515929033,0.7323943660940291,0.5555555552469136,0.1249999999609375,0.4594594593352812,0.00125
116,1.2024992066760396,0.6037680287226826,0.5253164556962026,0.4648667151644272,0.7464788731342988,0.5555555552469136,0.1249999999609375,0.4324324323155588,0.00125
117,1.201827896888866,0.59466596891587,0.5253164556962026,0.4609702130330481,0.7323943660940291,0.4999999997222222,0.1249999999609375,0.48648648635500363,0.00125
118,1.2021181929943174,0.6145788395305716,0.5189873417721519,0.45810995840949653,0.7464788731342988,0.5555555552469136,0.1249999999609375,0.40540540529583635,0.00125
119,1.2023304132528083,0.6037680287226826,0.5253164556962026,0.4648667151644272,0.7464788731342988,0.5555555552469136,0.1249999999609375,0.4324324323155588,0.00125
120,1.2022216819053473,0.6131703888265446,0.5253164556962026,0.46163108516956397,0.7605633801745686,0.5555555552469136,0.1249999999609375,0.40540540529583635,0.00125
121,1.2021659973055818,0.6034677284256333,0.5253164556962026,0.47199884729066943,0.7464788731342988,0.611111110771605,0.1249999999609375,0.40540540529583635,0.00125
122,1.2013374636339587,0.6131430287197529,0.5189873417721519,0.4570542151668686,0.7464788731342988,0.5555555552469136,0.09374999997070313,0.4324324323155588,0.00125
123,1.2023583304050356,0.5835548578109317,0.5316455696202531,0.4748591019142209,0.7323943660940291,0.5555555552469136,0.1249999999609375,0.48648648635500363,0.00125
124,1.2013897840366807,0.6131430287197529,0.5189873417721519,0.4570542151668686,0.7464788731342988,0.5555555552469136,0.09374999997070313,0.4324324323155588,0.00125
125,1.2032215234845183,0.6131703888265446,0.5253164556962026,0.46163108516956397,0.7605633801745686,0.5555555552469136,0.1249999999609375,0.40540540529583635,0.00125
126,1.2015926948813505,0.5821464071069047,0.5379746835443038,0.47838022867428837,0.7464788731342988,0.5555555552469136,0.1249999999609375,0.48648648635500363,0.00125
127,1.2022451994030974,0.5835548578109317,0.5316455696202531,0.4748591019142209,0.7323943660940291,0.5555555552469136,0.1249999999609375,0.48648648635500363,0.00125
128,1.2018048486044242,0.602987538719546,0.5379746835443038,0.4587004476747056,0.7746478872148383,0.4444444441975308,0.15624999995117186,0.4594594593352812,0.00125
129,1.2027476998262627,0.6006508270175794,0.5379746835443038,0.4790411008108043,0.7746478872148383,0.611111110771605,0.1249999999609375,0.40540540529583635,0.00125
130,1.2027457106945127,0.5835548578109317,0.5316455696202531,0.4748591019142209,0.7323943660940291,0.5555555552469136,0.1249999999609375,0.48648648635500363,0.00125
131,1.2017153931218525,0.6034677284256333,0.5253164556962026,0.47199884729066943,0.7464788731342988,0.611111110771605,0.1249999999609375,0.40540540529583635,0.00125
132,1.2013914349467256,0.5741798578138614,0.5379746835443038,0.48267160191177955,0.7323943660940291,0.5555555552469136,0.15624999995117186,0.48648648635500363,0.00125
133,1.2023268993510756,0.6023595780186557,0.5316455696202531,0.4683878419244946,0.7605633801745686,0.5555555552469136,0.1249999999609375,0.4324324323155588,0.00125
134,1.2023074044737705,0.592929857808002,0.5253164556962026,0.46704660191666236,0.7323943660940291,0.5555555552469136,0.09374999997070313,0.48648648635500363,0.00125
135,1.2023817605750506,0.6037680287226826,0.5253164556962026,0.4648667151644272,0.7464788731342988,0.5555555552469136,0.1249999999609375,0.4324324323155588,0.00125
136,1.2028423658637113,0.6145788395305716,0.5189873417721519,0.45810995840949653,0.7464788731342988,0.5555555552469136,0.1249999999609375,0.40540540529583635,0.00125
137,1.2017594575881958,0.5835548578109317,0.5316455696202531,0.4748591019142209,0.7323943660940291,0.5555555552469136,0.1249999999609375,0.48648648635500363,0.00125
138,1.202003190683764,0.5929572179147937,0.5316455696202531,0.4716234719193578,0.7464788731342988,0.5555555552469136,0.1249999999609375,0.4594594593352812,0.00125
139,1.2024986743927002,0.5835548578109317,0.5316455696202531,0.4748591019142209,0.7323943660940291,0.5555555552469136,0.1249999999609375,0.48648648635500363,0.00125
140,1.201487312483233,0.6145788395305716,0.5189873417721519,0.45810995840949653,0.7464788731342988,0.5555555552469136,0.1249999999609375,0.40540540529583635,0.00125
141,1.2016486497812493,0.5741798578138614,0.5379746835443038,0.48267160191177955,0.7323943660940291,0.5555555552469136,0.15624999995117186,0.48648648635500363,0.00125
142,1.2018528871758039,0.6145788395305716,0.5189873417721519,0.45810995840949653,0.7464788731342988,0.5555555552469136,0.1249999999609375,0.40540540529583635,0.00125
143,1.2016059049340182,0.6023595780186557,0.5316455696202531,0.4683878419244946,0.7605633801745686,0.5555555552469136,0.1249999999609375,0.4324324323155588,0.00125
144,1.202340613963992,0.6020319176148147,0.5253164556962026,0.47094310404804146,0.7464788731342988,0.611111110771605,0.09374999997070313,0.4324324323155588,0.00125
145,1.20255707932073,0.6009511273146286,0.5379746835443038,0.47190896868456206,0.7746478872148383,0.5555555552469136,0.1249999999609375,0.4324324323155588,0.00125
146,1.2022127689317215,0.5929845780215853,0.5379746835443038,0.47620034192205324,0.7605633801745686,0.5555555552469136,0.15624999995117186,0.4324324323155588,0.00125
147,1.2016672103904014,0.5926569176177443,0.5316455696202531,0.4787556040456,0.7464788731342988,0.611111110771605,0.1249999999609375,0.4324324323155588,0.00125
148,1.2023925573326821,0.6128427284227036,0.5189873417721519,0.4641863472931108,0.7464788731342988,0.611111110771605,0.09374999997070313,0.40540540529583635,0.00125
149,1.2013933478399765,0.6034677284256333,0.5253164556962026,0.47199884729066943,0.7464788731342988,0.611111110771605,0.1249999999609375,0.40540540529583635,0.00125
150,1.202423357686331,0.6034677284256333,0.5253164556962026,0.47199884729066943,0.7464788731342988,0.611111110771605,0.1249999999609375,0.40540540529583635,0.000625
151,1.2014158700787745,0.6145788395305716,0.5189873417721519,0.45810995840949653,0.7464788731342988,0.5555555552469136,0.1249999999609375,0.40540540529583635,0.000625
152,1.2013356103453525,0.6145788395305716,0.5189873417721519,0.45810995840949653,0.7464788731342988,0.5555555552469136,0.1249999999609375,0.40540540529583635,0.000625
153,1.2012800158456314,0.5929572179147937,0.5316455696202531,0.4716234719193578,0.7464788731342988,0.5555555552469136,0.1249999999609375,0.4594594593352812,0.000625
154,1.2021483293799466,0.6145788395305716,0.5189873417721519,0.45810995840949653,0.7464788731342988,0.5555555552469136,0.1249999999609375,0.40540540529583635,0.000625
155,1.2007598516552946,0.6145788395305716,0.5189873417721519,0.45810995840949653,0.7464788731342988,0.5555555552469136,0.1249999999609375,0.40540540529583635,0.000625
156,1.2006456297497416,0.6145788395305716,0.5189873417721519,0.45810995840949653,0.7464788731342988,0.5555555552469136,0.1249999999609375,0.40540540529583635,0.000625
157,1.2013702267824218,0.5943656686188207,0.5253164556962026,0.46810234515929033,0.7323943660940291,0.5555555552469136,0.1249999999609375,0.4594594593352812,0.000625
158,1.2021064591962238,0.6145788395305716,0.5189873417721519,0.45810995840949653,0.7464788731342988,0.5555555552469136,0.1249999999609375,0.40540540529583635,0.000625
159,1.2016724056975787,0.5849906686217503,0.5316455696202531,0.47591484515684895,0.7323943660940291,0.5555555552469136,0.15624999995117186,0.4594594593352812,0.000625
160,1.2012027834737025,0.6037680287226826,0.5253164556962026,0.4648667151644272,0.7464788731342988,0.5555555552469136,0.1249999999609375,0.4324324323155588,0.000625
161,1.2006165399107822,0.5943656686188207,0.5253164556962026,0.46810234515929033,0.7323943660940291,0.5555555552469136,0.1249999999609375,0.4594594593352812,0.000625
162,1.2020001342130262,0.5943656686188207,0.5253164556962026,0.46810234515929033,0.7323943660940291,0.5555555552469136,0.1249999999609375,0.4594594593352812,0.000625
163,1.201251462448475,0.5929572179147937,0.5316455696202531,0.4716234719193578,0.7464788731342988,0.5555555552469136,0.1249999999609375,0.4594594593352812,0.000625
164,1.2015690262927565,0.5929572179147937,0.5316455696202531,0.4716234719193578,0.7464788731342988,0.5555555552469136,0.1249999999609375,0.4594594593352812,0.000625
165,1.2010119654411493,0.5943656686188207,0.5253164556962026,0.46810234515929033,0.7323943660940291,0.5555555552469136,0.1249999999609375,0.4594594593352812,0.000625
166,1.200783288063005,0.5943656686188207,0.5253164556962026,0.46810234515929033,0.7323943660940291,0.5555555552469136,0.1249999999609375,0.4594594593352812,0.000625
167,1.2015839094339416,0.5943656686188207,0.5253164556962026,0.46810234515929033,0.7323943660940291,0.5555555552469136,0.1249999999609375,0.4594594593352812,0.000625
168,1.2014667571977127,0.6037680287226826,0.5253164556962026,0.4648667151644272,0.7464788731342988,0.5555555552469136,0.1249999999609375,0.4324324323155588,0.000625
169,1.200314268123272,0.5943656686188207,0.5253164556962026,0.46810234515929033,0.7323943660940291,0.5555555552469136,0.1249999999609375,0.4594594593352812,0.000625
170,1.2010325103305106,0.6117619381225177,0.5316455696202531,0.4651522119296314,0.7746478872148383,0.5555555552469136,0.1249999999609375,0.40540540529583635,0.000625
171,1.2012278160383536,0.6145788395305716,0.5189873417721519,0.45810995840949653,0.7464788731342988,0.5555555552469136,0.1249999999609375,0.40540540529583635,0.000625
172,1.2013428918150968,0.5943656686188207,0.5253164556962026,0.46810234515929033,0.7323943660940291,0.5555555552469136,0.1249999999609375,0.4594594593352812,0.000625
173,1.2011893322301466,0.6145788395305716,0.5189873417721519,0.45810995840949653,0.7464788731342988,0.5555555552469136,0.1249999999609375,0.40540540529583635,0.000625
174,1.2016349940799003,0.5943656686188207,0.5253164556962026,0.46810234515929033,0.7323943660940291,0.5555555552469136,0.1249999999609375,0.4594594593352812,0.000625
175,1.2020479690196901,0.6034677284256333,0.5253164556962026,0.47199884729066943,0.7464788731342988,0.611111110771605,0.1249999999609375,0.40540540529583635,0.000625
176,1.2012925411379614,0.5929572179147937,0.5316455696202531,0.4716234719193578,0.7464788731342988,0.5555555552469136,0.1249999999609375,0.4594594593352812,0.000625
177,1.2010932509289232,0.5943656686188207,0.5253164556962026,0.46810234515929033,0.7323943660940291,0.5555555552469136,0.1249999999609375,0.4594594593352812,0.000625
178,1.2003730272137842,0.5835548578109317,0.5316455696202531,0.4748591019142209,0.7323943660940291,0.5555555552469136,0.1249999999609375,0.48648648635500363,0.000625
179,1.2023121090822442,0.5943656686188207,0.5253164556962026,0.46810234515929033,0.7323943660940291,0.5555555552469136,0.1249999999609375,0.4594594593352812,0.000625
180,1.2027218120042669,0.5943656686188207,0.5253164556962026,0.46810234515929033,0.7323943660940291,0.5555555552469136,0.1249999999609375,0.4594594593352812,0.000625
181,1.2018687586451686,0.5943656686188207,0.5253164556962026,0.46810234515929033,0.7323943660940291,0.5555555552469136,0.1249999999609375,0.4594594593352812,0.000625
182,1.201243024925853,0.5943656686188207,0.5253164556962026,0.46810234515929033,0.7323943660940291,0.5555555552469136,0.1249999999609375,0.4594594593352812,0.000625
183,1.2007780033488606,0.5943656686188207,0.5253164556962026,0.46810234515929033,0.7323943660940291,0.5555555552469136,0.1249999999609375,0.4594594593352812,0.000625
184,1.2011986111485682,0.5929572179147937,0.5316455696202531,0.4716234719193578,0.7464788731342988,0.5555555552469136,0.1249999999609375,0.4594594593352812,0.000625
185,1.2016384019408115,0.5901403165067397,0.5443037974683544,0.47866572543949265,0.7746478872148383,0.5555555552469136,0.1249999999609375,0.4594594593352812,0.000625
186,1.2009027198303577,0.5741798578138614,0.5379746835443038,0.48267160191177955,0.7323943660940291,0.5555555552469136,0.15624999995117186,0.48648648635500363,0.000625
187,1.2011187034983968,0.6037680287226826,0.5253164556962026,0.4648667151644272,0.7464788731342988,0.5555555552469136,0.1249999999609375,0.4324324323155588,0.000625
188,1.2022692367087964,0.5943656686188207,0.5253164556962026,0.46810234515929033,0.7323943660940291,0.5555555552469136,0.1249999999609375,0.4594594593352812,0.000625
189,1.2017883727716845,0.6145788395305716,0.5189873417721519,0.45810995840949653,0.7464788731342988,0.5555555552469136,0.1249999999609375,0.40540540529583635,0.000625
190,1.2005725710891013,0.5929572179147937,0.5316455696202531,0.4716234719193578,0.7464788731342988,0.5555555552469136,0.1249999999609375,0.4594594593352812,0.000625
191,1.2012732139853544,0.5929572179147937,0.5316455696202531,0.4716234719193578,0.7464788731342988,0.5555555552469136,0.1249999999609375,0.4594594593352812,0.000625
192,1.199857842090518,0.5943656686188207,0.5253164556962026,0.46810234515929033,0.7323943660940291,0.5555555552469136,0.1249999999609375,0.4594594593352812,0.000625
193,1.2006613023059314,0.5943656686188207,0.5253164556962026,0.46810234515929033,0.7323943660940291,0.5555555552469136,0.1249999999609375,0.4594594593352812,0.000625
194,1.2015184968016868,0.5929572179147937,0.5316455696202531,0.4716234719193578,0.7464788731342988,0.5555555552469136,0.1249999999609375,0.4594594593352812,0.000625
195,1.2011182876520379,0.5943656686188207,0.5253164556962026,0.46810234515929033,0.7323943660940291,0.5555555552469136,0.1249999999609375,0.4594594593352812,0.000625
196,1.2015300081219784,0.5821737672136964,0.5443037974683544,0.48295709867698383,0.7605633801745686,0.5555555552469136,0.15624999995117186,0.4594594593352812,0.000625
197,1.2005040326783822,0.592929857808002,0.5253164556962026,0.46704660191666236,0.7323943660940291,0.5555555552469136,0.09374999997070313,0.48648648635500363,0.000625
198,1.2011583253394726,0.592929857808002,0.5253164556962026,0.46704660191666236,0.7323943660940291,0.5555555552469136,0.09374999997070313,0.48648648635500363,0.000625
199,1.2016896882722543,0.5943656686188207,0.5253164556962026,0.46810234515929033,0.7323943660940291,0.5555555552469136,0.1249999999609375,0.4594594593352812,0.000625
200,1.2015536094820776,0.5915487672107667,0.5379746835443038,0.4751445986794252,0.7605633801745686,0.5555555552469136,0.1249999999609375,0.4594594593352812,0.0003125
