label,pca_components,run_dir,n_layers,n_conv,n_pool,signature,n_params,val_acc,val_fitness,val_bal_acc,val_min_recall,test_acc,test_bal_acc,test_min_recall,test_roc_auc,lin_test_acc,lin_test_bal_acc,lin_test_auc,test_recall_0,test_recall_1,test_recall_2,test_recall_3,test_recall_4,test_recall_5,test_recall_6,test_recall_7,LR_EVAL,N_EPOCHS_EVAL,INIT_POP,MAX_EVO_STEPS,W_CLASS,MIN_LAYERS,MAX_LAYERS,P_CONV,MIN_POOL_LAYERS
baseline,8,experiments/pca8/sweep/baseline_001,10,10,0,C-C-C-C-C-C-C-C-C-C,88,0.49853372434017595,0.4788667943143883,0.5305937843688351,0.1833910034538619,0.5122520420070011,0.526740904594494,0.25517241378723743,0.8344617094743862,0.6161026837806302,0.630347877725941,0.9134160414621082,0.4076086956300212,0.44989339018230506,0.4377682403245593,0.25517241378723743,0.7158469944964018,0.5164319248583834,0.4850299401100792,0.9461756373669639,0.003,60,10,10,"[0.187, 0.073, 0.147, 0.079, 0.188, 0.161, 0.068, 0.097]",,,,
lr_high,8,experiments/pca8/sweep/lr_high_001,10,9,1,C-C-C-C-C-C-C-P-C-C,356,0.5466275659824047,0.4809768535269396,0.5647602301301581,0.29411764704864646,0.5499805523142746,0.5804368048527172,0.03218390804523715,0.8732116943018388,0.6161026837806302,0.630347877725941,0.9134160414621082,0.6684782608332348,0.46481876331631516,0.532188841178876,0.03218390804523715,0.6666666666302368,0.6338028168716524,0.6566866267333995,0.9886685552127855,0.01,60,10,10,"[0.187, 0.073, 0.147, 0.079, 0.188, 0.161, 0.068, 0.097]",,,,
lr_low,8,experiments/pca8/sweep/lr_low_001,9,7,2,P-C-C-C-C-C-C-C-P,100,0.5114369501466276,0.45008253694787076,0.5485813907717515,0.11764705881945857,0.5262543757292882,0.5673331132014205,0.0,0.8678874753863992,0.6161026837806302,0.630347877725941,0.9134160414621082,0.6032608695324314,0.48827292109833104,0.536480686672254,0.0,0.7486338797405118,0.6525821595937754,0.5349301397098817,0.9745042492641783,0.001,60,10,10,"[0.187, 0.073, 0.147, 0.079, 0.188, 0.161, 0.068, 0.097]",,,,
large_pop,8,experiments/pca8/sweep/large_pop_001,6,4,2,C-P-C-C-P-C,169,0.513782991202346,0.4712863646646592,0.5399437897553507,0.1418685121058177,0.5173084402956049,0.5552168027554728,0.07356321838911349,0.8527674536357899,0.6161026837806302,0.630347877725941,0.9134160414621082,0.4836956521476252,0.4243070362382877,0.5708154506192783,0.07356321838911349,0.7103825136223835,0.6901408450380215,0.5029940119660081,0.9858356940230641,0.003,60,20,15,"[0.187, 0.073, 0.147, 0.079, 0.188, 0.161, 0.068, 0.097]",,,,
short_circuits,8,experiments/pca8/sweep/short_circuits_001,5,5,0,C-C-C-C-C,220,0.5319648093841642,0.4865121075654312,0.5430695451948517,0.10726643598244752,0.5029171528588098,0.547753914975426,0.11034482758367023,0.8617402949798971,0.6161026837806302,0.630347877725941,0.9134160414621082,0.5978260869240312,0.4349680170482949,0.35622317595037667,0.11034482758367023,0.7540983606145301,0.7323943661627984,0.4131736526863638,0.9830028328333427,0.003,60,10,10,"[0.187, 0.073, 0.147, 0.079, 0.188, 0.161, 0.068, 0.097]",2,5,,
deep_circuits,8,experiments/pca8/sweep/deep_circuits_001,7,5,2,C-C-P-C-P-C-C,124,0.4879765395894428,0.500670762262578,0.5105274384387715,0.15916955016750278,0.5083625048619215,0.5326505451106414,0.04137931034387634,0.8511016603474562,0.6161026837806302,0.630347877725941,0.9134160414621082,0.3749999999796195,0.5373134328243643,0.48927038624509567,0.04137931034387634,0.7540983606145301,0.6009389671079371,0.48303393212608714,0.9801699716436212,0.003,60,10,10,"[0.187, 0.073, 0.147, 0.079, 0.188, 0.161, 0.068, 0.097]",6,14,,
conv_heavy,8,experiments/pca8/sweep/conv_heavy_001,14,13,1,C-C-C-C-C-C-C-P-C-C-C-C-C-C,185,0.533724340175953,0.4753444581927239,0.5586982939709563,0.21453287196489504,0.5297549591598599,0.570491630161559,0.1264367816062888,0.8663789445404766,0.6161026837806302,0.630347877725941,0.9134160414621082,0.6467391303996337,0.5181236673663513,0.656652360486839,0.1264367816062888,0.6393442622601451,0.6056338027884679,0.4191616766383401,0.9518413597464067,0.003,60,10,10,"[0.187, 0.073, 0.147, 0.079, 0.188, 0.161, 0.068, 0.097]",,,0.85,
pool_required,8,experiments/pca8/sweep/pool_required_001,14,12,2,C-P-C-C-C-C-C-C-C-P-C-C-C-C,202,0.5243401759530791,0.48745607651885403,0.5547315337525669,0.09342560553309946,0.5204200700116686,0.5566635351122595,0.027586206895917557,0.8581036401338846,0.6161026837806302,0.630347877725941,0.9134160414621082,0.4782608695392249,0.46908315564031805,0.5665236051259003,0.027586206895917557,0.7650273223625668,0.6478873239132447,0.5329341317258895,0.966005665695014,0.003,60,10,10,"[0.187, 0.073, 0.147, 0.079, 0.188, 0.161, 0.068, 0.097]",,,0.5,2
rare_class_focused,8,experiments/pca8/sweep/rare_class_focused_001,7,5,2,C-P-C-C-C-P-C,137,0.5278592375366569,0.4760668463401019,0.5432974597733807,0.16608996539217682,0.4788020225593154,0.5447237962807685,0.006896551723979389,0.8562307803550304,0.6161026837806302,0.630347877725941,0.9134160414621082,0.6358695651828331,0.46908315564031805,0.6523605149934609,0.006896551723979389,0.7213114753704201,0.6572769952743063,0.25748502993498035,0.9575070821258497,0.003,60,10,10,"[0.244, 0.037, 0.151, 0.043, 0.246, 0.18, 0.033, 0.066]",,,,
uniform_weights,8,experiments/pca8/sweep/uniform_weights_001,11,9,2,C-C-C-C-C-P-P-C-C-C-C,194,0.5454545454545454,0.4936770024664522,0.5508479975335477,0.2871972318239724,0.5383119408790354,0.5524449872828794,0.12183908045696921,0.8598389829898281,0.6161026837806302,0.630347877725941,0.9134160414621082,0.4293478260636224,0.5351812366623628,0.6437768240067049,0.12183908045696921,0.6120218578900535,0.5586854459831603,0.5668662674537551,0.9518413597464067,0.003,60,10,10,"[0.125, 0.125, 0.125, 0.125, 0.125, 0.125, 0.125, 0.125]",,,,
combined_best,8,experiments/pca8/sweep/combined_best_001,12,10,2,C-C-C-C-C-C-C-C-P-C-P-C,164,0.49442815249266864,0.44199451532792783,0.5345975267551624,0.12456747404413261,0.5044729677168417,0.5469780791636814,0.04137931034387634,0.8437494489428223,0.6161026837806302,0.630347877725941,0.9134160414621082,0.5326086956232278,0.5565031982823774,0.49785407723185177,0.04137931034387634,0.7540983606145301,0.6572769952743063,0.3672654690545456,0.9688385268847355,0.01,80,20,15,"[0.244, 0.037, 0.151, 0.043, 0.246, 0.18, 0.033, 0.066]",,12,0.7,
